"","source","target"
"1","ENSG00000187323","ENSG00000132906"
"2","ENSG00000187323","ENSG00000157500"
"3","ENSG00000164305","ENSG00000187323"
"4","ENSG00000132906","ENSG00000164305"
"5","ENSG00000132906","ENSG00000165806"
"6","ENSG00000168036","ENSG00000138795"
"7","ENSG00000168036","ENSG00000081059"
"8","ENSG00000168036","ENSG00000148737"
"9","ENSG00000168036","ENSG00000152284"
"10","ENSG00000002745","ENSG00000111432"
"11","ENSG00000002745","ENSG00000180340"
"12","ENSG00000002745","ENSG00000163251"
"13","ENSG00000002745","ENSG00000104290"
"14","ENSG00000002745","ENSG00000157240"
"15","ENSG00000002745","ENSG00000174804"
"16","ENSG00000002745","ENSG00000164930"
"17","ENSG00000002745","ENSG00000155760"
"18","ENSG00000002745","ENSG00000177283"
"19","ENSG00000002745","ENSG00000188763"
"20","ENSG00000002745","ENSG00000070018"
"21","ENSG00000002745","ENSG00000162337"
"22","ENSG00000162552","ENSG00000111432"
"23","ENSG00000162552","ENSG00000180340"
"24","ENSG00000162552","ENSG00000163251"
"25","ENSG00000162552","ENSG00000104290"
"26","ENSG00000162552","ENSG00000157240"
"27","ENSG00000162552","ENSG00000174804"
"28","ENSG00000162552","ENSG00000164930"
"29","ENSG00000162552","ENSG00000155760"
"30","ENSG00000162552","ENSG00000177283"
"31","ENSG00000162552","ENSG00000188763"
"32","ENSG00000162552","ENSG00000070018"
"33","ENSG00000162552","ENSG00000162337"
"34","ENSG00000125084","ENSG00000111432"
"35","ENSG00000125084","ENSG00000180340"
"36","ENSG00000125084","ENSG00000163251"
"37","ENSG00000125084","ENSG00000104290"
"38","ENSG00000125084","ENSG00000157240"
"39","ENSG00000125084","ENSG00000174804"
"40","ENSG00000125084","ENSG00000164930"
"41","ENSG00000125084","ENSG00000155760"
"42","ENSG00000125084","ENSG00000177283"
"43","ENSG00000125084","ENSG00000188763"
"44","ENSG00000125084","ENSG00000070018"
"45","ENSG00000125084","ENSG00000162337"
"46","ENSG00000105989","ENSG00000111432"
"47","ENSG00000105989","ENSG00000180340"
"48","ENSG00000105989","ENSG00000163251"
"49","ENSG00000105989","ENSG00000104290"
"50","ENSG00000105989","ENSG00000157240"
"51","ENSG00000105989","ENSG00000174804"
"52","ENSG00000105989","ENSG00000164930"
"53","ENSG00000105989","ENSG00000155760"
"54","ENSG00000105989","ENSG00000177283"
"55","ENSG00000105989","ENSG00000188763"
"56","ENSG00000105989","ENSG00000070018"
"57","ENSG00000105989","ENSG00000162337"
"58","ENSG00000108379","ENSG00000111432"
"59","ENSG00000108379","ENSG00000180340"
"60","ENSG00000108379","ENSG00000163251"
"61","ENSG00000108379","ENSG00000104290"
"62","ENSG00000108379","ENSG00000157240"
"63","ENSG00000108379","ENSG00000174804"
"64","ENSG00000108379","ENSG00000164930"
"65","ENSG00000108379","ENSG00000155760"
"66","ENSG00000108379","ENSG00000177283"
"67","ENSG00000108379","ENSG00000188763"
"68","ENSG00000108379","ENSG00000070018"
"69","ENSG00000108379","ENSG00000162337"
"70","ENSG00000114251","ENSG00000111432"
"71","ENSG00000114251","ENSG00000180340"
"72","ENSG00000114251","ENSG00000163251"
"73","ENSG00000114251","ENSG00000104290"
"74","ENSG00000114251","ENSG00000157240"
"75","ENSG00000114251","ENSG00000174804"
"76","ENSG00000114251","ENSG00000164930"
"77","ENSG00000114251","ENSG00000155760"
"78","ENSG00000114251","ENSG00000177283"
"79","ENSG00000114251","ENSG00000188763"
"80","ENSG00000114251","ENSG00000070018"
"81","ENSG00000114251","ENSG00000162337"
"82","ENSG00000115596","ENSG00000111432"
"83","ENSG00000115596","ENSG00000180340"
"84","ENSG00000115596","ENSG00000163251"
"85","ENSG00000115596","ENSG00000104290"
"86","ENSG00000115596","ENSG00000157240"
"87","ENSG00000115596","ENSG00000174804"
"88","ENSG00000115596","ENSG00000164930"
"89","ENSG00000115596","ENSG00000155760"
"90","ENSG00000115596","ENSG00000177283"
"91","ENSG00000115596","ENSG00000188763"
"92","ENSG00000115596","ENSG00000070018"
"93","ENSG00000115596","ENSG00000162337"
"94","ENSG00000154764","ENSG00000111432"
"95","ENSG00000154764","ENSG00000180340"
"96","ENSG00000154764","ENSG00000163251"
"97","ENSG00000154764","ENSG00000104290"
"98","ENSG00000154764","ENSG00000157240"
"99","ENSG00000154764","ENSG00000174804"
"100","ENSG00000154764","ENSG00000164930"
"101","ENSG00000154764","ENSG00000155760"
"102","ENSG00000154764","ENSG00000177283"
"103","ENSG00000154764","ENSG00000188763"
"104","ENSG00000154764","ENSG00000070018"
"105","ENSG00000154764","ENSG00000162337"
"106","ENSG00000188064","ENSG00000111432"
"107","ENSG00000188064","ENSG00000180340"
"108","ENSG00000188064","ENSG00000163251"
"109","ENSG00000188064","ENSG00000104290"
"110","ENSG00000188064","ENSG00000157240"
"111","ENSG00000188064","ENSG00000174804"
"112","ENSG00000188064","ENSG00000164930"
"113","ENSG00000188064","ENSG00000155760"
"114","ENSG00000188064","ENSG00000177283"
"115","ENSG00000188064","ENSG00000188763"
"116","ENSG00000188064","ENSG00000070018"
"117","ENSG00000188064","ENSG00000162337"
"118","ENSG00000061492","ENSG00000111432"
"119","ENSG00000061492","ENSG00000180340"
"120","ENSG00000061492","ENSG00000163251"
"121","ENSG00000061492","ENSG00000104290"
"122","ENSG00000061492","ENSG00000157240"
"123","ENSG00000061492","ENSG00000174804"
"124","ENSG00000061492","ENSG00000164930"
"125","ENSG00000061492","ENSG00000155760"
"126","ENSG00000061492","ENSG00000177283"
"127","ENSG00000061492","ENSG00000188763"
"128","ENSG00000061492","ENSG00000070018"
"129","ENSG00000061492","ENSG00000162337"
"130","ENSG00000075290","ENSG00000111432"
"131","ENSG00000075290","ENSG00000180340"
"132","ENSG00000075290","ENSG00000163251"
"133","ENSG00000075290","ENSG00000104290"
"134","ENSG00000075290","ENSG00000157240"
"135","ENSG00000075290","ENSG00000174804"
"136","ENSG00000075290","ENSG00000164930"
"137","ENSG00000075290","ENSG00000155760"
"138","ENSG00000075290","ENSG00000177283"
"139","ENSG00000075290","ENSG00000188763"
"140","ENSG00000075290","ENSG00000070018"
"141","ENSG00000075290","ENSG00000162337"
"142","ENSG00000169884","ENSG00000111432"
"143","ENSG00000169884","ENSG00000180340"
"144","ENSG00000169884","ENSG00000163251"
"145","ENSG00000169884","ENSG00000104290"
"146","ENSG00000169884","ENSG00000157240"
"147","ENSG00000169884","ENSG00000174804"
"148","ENSG00000169884","ENSG00000164930"
"149","ENSG00000169884","ENSG00000155760"
"150","ENSG00000169884","ENSG00000177283"
"151","ENSG00000169884","ENSG00000188763"
"152","ENSG00000169884","ENSG00000070018"
"153","ENSG00000169884","ENSG00000162337"
"154","ENSG00000085741","ENSG00000111432"
"155","ENSG00000085741","ENSG00000180340"
"156","ENSG00000085741","ENSG00000163251"
"157","ENSG00000085741","ENSG00000104290"
"158","ENSG00000085741","ENSG00000157240"
"159","ENSG00000085741","ENSG00000174804"
"160","ENSG00000085741","ENSG00000164930"
"161","ENSG00000085741","ENSG00000155760"
"162","ENSG00000085741","ENSG00000177283"
"163","ENSG00000085741","ENSG00000188763"
"164","ENSG00000085741","ENSG00000070018"
"165","ENSG00000085741","ENSG00000162337"
"166","ENSG00000134245","ENSG00000111432"
"167","ENSG00000134245","ENSG00000180340"
"168","ENSG00000134245","ENSG00000163251"
"169","ENSG00000134245","ENSG00000104290"
"170","ENSG00000134245","ENSG00000157240"
"171","ENSG00000134245","ENSG00000174804"
"172","ENSG00000134245","ENSG00000164930"
"173","ENSG00000134245","ENSG00000155760"
"174","ENSG00000134245","ENSG00000177283"
"175","ENSG00000134245","ENSG00000188763"
"176","ENSG00000134245","ENSG00000070018"
"177","ENSG00000134245","ENSG00000162337"
"178","ENSG00000143816","ENSG00000111432"
"179","ENSG00000143816","ENSG00000180340"
"180","ENSG00000143816","ENSG00000163251"
"181","ENSG00000143816","ENSG00000104290"
"182","ENSG00000143816","ENSG00000157240"
"183","ENSG00000143816","ENSG00000174804"
"184","ENSG00000143816","ENSG00000164930"
"185","ENSG00000143816","ENSG00000155760"
"186","ENSG00000143816","ENSG00000177283"
"187","ENSG00000143816","ENSG00000188763"
"188","ENSG00000143816","ENSG00000070018"
"189","ENSG00000143816","ENSG00000162337"
"190","ENSG00000158955","ENSG00000111432"
"191","ENSG00000158955","ENSG00000180340"
"192","ENSG00000158955","ENSG00000163251"
"193","ENSG00000158955","ENSG00000104290"
"194","ENSG00000158955","ENSG00000157240"
"195","ENSG00000158955","ENSG00000174804"
"196","ENSG00000158955","ENSG00000164930"
"197","ENSG00000158955","ENSG00000155760"
"198","ENSG00000158955","ENSG00000177283"
"199","ENSG00000158955","ENSG00000188763"
"200","ENSG00000158955","ENSG00000070018"
"201","ENSG00000158955","ENSG00000162337"
"202","ENSG00000135925","ENSG00000111432"
"203","ENSG00000135925","ENSG00000180340"
"204","ENSG00000135925","ENSG00000163251"
"205","ENSG00000135925","ENSG00000104290"
"206","ENSG00000135925","ENSG00000157240"
"207","ENSG00000135925","ENSG00000174804"
"208","ENSG00000135925","ENSG00000164930"
"209","ENSG00000135925","ENSG00000155760"
"210","ENSG00000135925","ENSG00000177283"
"211","ENSG00000135925","ENSG00000188763"
"212","ENSG00000135925","ENSG00000070018"
"213","ENSG00000135925","ENSG00000162337"
"214","ENSG00000111186","ENSG00000111432"
"215","ENSG00000111186","ENSG00000180340"
"216","ENSG00000111186","ENSG00000163251"
"217","ENSG00000111186","ENSG00000104290"
"218","ENSG00000111186","ENSG00000157240"
"219","ENSG00000111186","ENSG00000174804"
"220","ENSG00000111186","ENSG00000164930"
"221","ENSG00000111186","ENSG00000155760"
"222","ENSG00000111186","ENSG00000177283"
"223","ENSG00000111186","ENSG00000188763"
"224","ENSG00000111186","ENSG00000070018"
"225","ENSG00000111186","ENSG00000162337"
"226","ENSG00000154342","ENSG00000111432"
"227","ENSG00000154342","ENSG00000180340"
"228","ENSG00000154342","ENSG00000163251"
"229","ENSG00000154342","ENSG00000104290"
"230","ENSG00000154342","ENSG00000157240"
"231","ENSG00000154342","ENSG00000174804"
"232","ENSG00000154342","ENSG00000164930"
"233","ENSG00000154342","ENSG00000155760"
"234","ENSG00000154342","ENSG00000177283"
"235","ENSG00000154342","ENSG00000188763"
"236","ENSG00000154342","ENSG00000070018"
"237","ENSG00000154342","ENSG00000162337"
"238","ENSG00000150093","ENSG00000169398"
"239","ENSG00000107404","ENSG00000082701"
"240","ENSG00000004975","ENSG00000082701"
"241","ENSG00000161202","ENSG00000082701"
"242","ENSG00000050555","ENSG00000150093"
"243","ENSG00000050555","ENSG00000091409"
"244","ENSG00000050555","ENSG00000164171"
"245","ENSG00000050555","ENSG00000005961"
"246","ENSG00000050555","ENSG00000005884"
"247","ENSG00000050555","ENSG00000138448"
"248","ENSG00000187498","ENSG00000150093"
"249","ENSG00000187498","ENSG00000091409"
"250","ENSG00000187498","ENSG00000164171"
"251","ENSG00000187498","ENSG00000005961"
"252","ENSG00000187498","ENSG00000005884"
"253","ENSG00000187498","ENSG00000138448"
"254","ENSG00000134871","ENSG00000150093"
"255","ENSG00000134871","ENSG00000091409"
"256","ENSG00000134871","ENSG00000164171"
"257","ENSG00000134871","ENSG00000005961"
"258","ENSG00000134871","ENSG00000005884"
"259","ENSG00000134871","ENSG00000138448"
"260","ENSG00000169031","ENSG00000150093"
"261","ENSG00000169031","ENSG00000091409"
"262","ENSG00000169031","ENSG00000164171"
"263","ENSG00000169031","ENSG00000005961"
"264","ENSG00000169031","ENSG00000005884"
"265","ENSG00000169031","ENSG00000138448"
"266","ENSG00000081052","ENSG00000150093"
"267","ENSG00000081052","ENSG00000091409"
"268","ENSG00000081052","ENSG00000164171"
"269","ENSG00000081052","ENSG00000005961"
"270","ENSG00000081052","ENSG00000005884"
"271","ENSG00000081052","ENSG00000138448"
"272","ENSG00000188153","ENSG00000150093"
"273","ENSG00000188153","ENSG00000091409"
"274","ENSG00000188153","ENSG00000164171"
"275","ENSG00000188153","ENSG00000005961"
"276","ENSG00000188153","ENSG00000005884"
"277","ENSG00000188153","ENSG00000138448"
"278","ENSG00000197565","ENSG00000150093"
"279","ENSG00000197565","ENSG00000091409"
"280","ENSG00000197565","ENSG00000164171"
"281","ENSG00000197565","ENSG00000005961"
"282","ENSG00000197565","ENSG00000005884"
"283","ENSG00000197565","ENSG00000138448"
"284","ENSG00000091128","ENSG00000150093"
"285","ENSG00000091128","ENSG00000091409"
"286","ENSG00000091128","ENSG00000164171"
"287","ENSG00000091128","ENSG00000005961"
"288","ENSG00000091128","ENSG00000005884"
"289","ENSG00000091128","ENSG00000138448"
"290","ENSG00000115414","ENSG00000150093"
"291","ENSG00000115414","ENSG00000091409"
"292","ENSG00000115414","ENSG00000164171"
"293","ENSG00000115414","ENSG00000005961"
"294","ENSG00000115414","ENSG00000005884"
"295","ENSG00000115414","ENSG00000138448"
"296","ENSG00000101680","ENSG00000150093"
"297","ENSG00000101680","ENSG00000091409"
"298","ENSG00000101680","ENSG00000164171"
"299","ENSG00000101680","ENSG00000005961"
"300","ENSG00000101680","ENSG00000005884"
"301","ENSG00000101680","ENSG00000138448"
"302","ENSG00000196569","ENSG00000150093"
"303","ENSG00000196569","ENSG00000091409"
"304","ENSG00000196569","ENSG00000164171"
"305","ENSG00000196569","ENSG00000005961"
"306","ENSG00000196569","ENSG00000005884"
"307","ENSG00000196569","ENSG00000138448"
"308","ENSG00000053747","ENSG00000150093"
"309","ENSG00000053747","ENSG00000091409"
"310","ENSG00000053747","ENSG00000164171"
"311","ENSG00000053747","ENSG00000005961"
"312","ENSG00000053747","ENSG00000005884"
"313","ENSG00000053747","ENSG00000138448"
"314","ENSG00000112769","ENSG00000150093"
"315","ENSG00000112769","ENSG00000091409"
"316","ENSG00000112769","ENSG00000164171"
"317","ENSG00000112769","ENSG00000005961"
"318","ENSG00000112769","ENSG00000005884"
"319","ENSG00000112769","ENSG00000138448"
"320","ENSG00000130702","ENSG00000150093"
"321","ENSG00000130702","ENSG00000091409"
"322","ENSG00000130702","ENSG00000164171"
"323","ENSG00000130702","ENSG00000005961"
"324","ENSG00000130702","ENSG00000005884"
"325","ENSG00000130702","ENSG00000138448"
"326","ENSG00000091136","ENSG00000150093"
"327","ENSG00000091136","ENSG00000091409"
"328","ENSG00000091136","ENSG00000164171"
"329","ENSG00000091136","ENSG00000005961"
"330","ENSG00000091136","ENSG00000005884"
"331","ENSG00000091136","ENSG00000138448"
"332","ENSG00000172037","ENSG00000150093"
"333","ENSG00000172037","ENSG00000091409"
"334","ENSG00000172037","ENSG00000164171"
"335","ENSG00000172037","ENSG00000005961"
"336","ENSG00000172037","ENSG00000005884"
"337","ENSG00000172037","ENSG00000138448"
"338","ENSG00000196878","ENSG00000150093"
"339","ENSG00000196878","ENSG00000091409"
"340","ENSG00000196878","ENSG00000164171"
"341","ENSG00000196878","ENSG00000005961"
"342","ENSG00000196878","ENSG00000005884"
"343","ENSG00000196878","ENSG00000138448"
"344","ENSG00000135862","ENSG00000150093"
"345","ENSG00000135862","ENSG00000091409"
"346","ENSG00000135862","ENSG00000164171"
"347","ENSG00000135862","ENSG00000005961"
"348","ENSG00000135862","ENSG00000005884"
"349","ENSG00000135862","ENSG00000138448"
"350","ENSG00000058085","ENSG00000150093"
"351","ENSG00000058085","ENSG00000091409"
"352","ENSG00000058085","ENSG00000164171"
"353","ENSG00000058085","ENSG00000005961"
"354","ENSG00000058085","ENSG00000005884"
"355","ENSG00000058085","ENSG00000138448"
"356","ENSG00000091409","ENSG00000169398"
"357","ENSG00000164171","ENSG00000169398"
"358","ENSG00000005961","ENSG00000169398"
"359","ENSG00000005884","ENSG00000169398"
"360","ENSG00000138448","ENSG00000169398"
"361","ENSG00000169398","ENSG00000121879"
"362","ENSG00000169398","ENSG00000051382"
"363","ENSG00000169398","ENSG00000171608"
"364","ENSG00000169398","ENSG00000145675"
"365","ENSG00000169398","ENSG00000105647"
"366","ENSG00000169398","ENSG00000117461"
"367","ENSG00000111432","ENSG00000107404"
"368","ENSG00000111432","ENSG00000004975"
"369","ENSG00000111432","ENSG00000161202"
"370","ENSG00000180340","ENSG00000107404"
"371","ENSG00000180340","ENSG00000004975"
"372","ENSG00000180340","ENSG00000161202"
"373","ENSG00000163251","ENSG00000107404"
"374","ENSG00000163251","ENSG00000004975"
"375","ENSG00000163251","ENSG00000161202"
"376","ENSG00000104290","ENSG00000107404"
"377","ENSG00000104290","ENSG00000004975"
"378","ENSG00000104290","ENSG00000161202"
"379","ENSG00000157240","ENSG00000107404"
"380","ENSG00000157240","ENSG00000004975"
"381","ENSG00000157240","ENSG00000161202"
"382","ENSG00000174804","ENSG00000107404"
"383","ENSG00000174804","ENSG00000004975"
"384","ENSG00000174804","ENSG00000161202"
"385","ENSG00000164930","ENSG00000107404"
"386","ENSG00000164930","ENSG00000004975"
"387","ENSG00000164930","ENSG00000161202"
"388","ENSG00000155760","ENSG00000107404"
"389","ENSG00000155760","ENSG00000004975"
"390","ENSG00000155760","ENSG00000161202"
"391","ENSG00000177283","ENSG00000107404"
"392","ENSG00000177283","ENSG00000004975"
"393","ENSG00000177283","ENSG00000161202"
"394","ENSG00000188763","ENSG00000107404"
"395","ENSG00000188763","ENSG00000004975"
"396","ENSG00000188763","ENSG00000161202"
"397","ENSG00000157500","ENSG00000164305"
"398","ENSG00000097007","ENSG00000126561"
"399","ENSG00000097007","ENSG00000173757"
"400","ENSG00000097007","ENSG00000177885"
"401","ENSG00000097007","ENSG00000167193"
"402","ENSG00000097007","ENSG00000099942"
"403","ENSG00000097007","ENSG00000110395"
"404","ENSG00000186716","ENSG00000126561"
"405","ENSG00000186716","ENSG00000173757"
"406","ENSG00000186716","ENSG00000177885"
"407","ENSG00000186716","ENSG00000167193"
"408","ENSG00000186716","ENSG00000099942"
"409","ENSG00000186716","ENSG00000110395"
"410","ENSG00000167193","ENSG00000121879"
"411","ENSG00000167193","ENSG00000051382"
"412","ENSG00000167193","ENSG00000171608"
"413","ENSG00000167193","ENSG00000145675"
"414","ENSG00000167193","ENSG00000105647"
"415","ENSG00000167193","ENSG00000117461"
"416","ENSG00000099942","ENSG00000121879"
"417","ENSG00000099942","ENSG00000051382"
"418","ENSG00000099942","ENSG00000171608"
"419","ENSG00000099942","ENSG00000145675"
"420","ENSG00000099942","ENSG00000105647"
"421","ENSG00000099942","ENSG00000117461"
"422","ENSG00000110395","ENSG00000121879"
"423","ENSG00000110395","ENSG00000051382"
"424","ENSG00000110395","ENSG00000171608"
"425","ENSG00000110395","ENSG00000145675"
"426","ENSG00000110395","ENSG00000105647"
"427","ENSG00000110395","ENSG00000117461"
"428","ENSG00000126561","ENSG00000171552"
"429","ENSG00000126561","ENSG00000102096"
"430","ENSG00000126561","ENSG00000137193"
"431","ENSG00000173757","ENSG00000171552"
"432","ENSG00000173757","ENSG00000102096"
"433","ENSG00000173757","ENSG00000137193"
"434","ENSG00000162434","ENSG00000168610"
"435","ENSG00000162434","ENSG00000115415"
"436","ENSG00000162434","ENSG00000126561"
"437","ENSG00000162434","ENSG00000173757"
"438","ENSG00000162434","ENSG00000170581"
"439","ENSG00000162434","ENSG00000138378"
"440","ENSG00000162434","ENSG00000166888"
"441","ENSG00000096968","ENSG00000168610"
"442","ENSG00000096968","ENSG00000115415"
"443","ENSG00000096968","ENSG00000126561"
"444","ENSG00000096968","ENSG00000173757"
"445","ENSG00000096968","ENSG00000170581"
"446","ENSG00000096968","ENSG00000138378"
"447","ENSG00000096968","ENSG00000166888"
"448","ENSG00000105639","ENSG00000168610"
"449","ENSG00000105639","ENSG00000115415"
"450","ENSG00000105639","ENSG00000126561"
"451","ENSG00000105639","ENSG00000173757"
"452","ENSG00000105639","ENSG00000170581"
"453","ENSG00000105639","ENSG00000138378"
"454","ENSG00000105639","ENSG00000166888"
"455","ENSG00000146648","ENSG00000121879"
"456","ENSG00000146648","ENSG00000051382"
"457","ENSG00000146648","ENSG00000171608"
"458","ENSG00000146648","ENSG00000145675"
"459","ENSG00000146648","ENSG00000105647"
"460","ENSG00000146648","ENSG00000117461"
"461","ENSG00000146648","ENSG00000162434"
"462","ENSG00000146648","ENSG00000096968"
"463","ENSG00000146648","ENSG00000105639"
"464","ENSG00000146648","ENSG00000124181"
"465","ENSG00000146648","ENSG00000197943"
"466","ENSG00000141736","ENSG00000121879"
"467","ENSG00000141736","ENSG00000051382"
"468","ENSG00000141736","ENSG00000171608"
"469","ENSG00000141736","ENSG00000145675"
"470","ENSG00000141736","ENSG00000105647"
"471","ENSG00000141736","ENSG00000117461"
"472","ENSG00000141736","ENSG00000162434"
"473","ENSG00000141736","ENSG00000096968"
"474","ENSG00000141736","ENSG00000105639"
"475","ENSG00000134853","ENSG00000124181"
"476","ENSG00000134853","ENSG00000197943"
"477","ENSG00000134853","ENSG00000177885"
"478","ENSG00000134853","ENSG00000121879"
"479","ENSG00000134853","ENSG00000051382"
"480","ENSG00000134853","ENSG00000171608"
"481","ENSG00000134853","ENSG00000145675"
"482","ENSG00000134853","ENSG00000105647"
"483","ENSG00000134853","ENSG00000117461"
"484","ENSG00000113721","ENSG00000124181"
"485","ENSG00000113721","ENSG00000197943"
"486","ENSG00000113721","ENSG00000177885"
"487","ENSG00000113721","ENSG00000121879"
"488","ENSG00000113721","ENSG00000051382"
"489","ENSG00000113721","ENSG00000171608"
"490","ENSG00000113721","ENSG00000145675"
"491","ENSG00000113721","ENSG00000105647"
"492","ENSG00000113721","ENSG00000117461"
"493","ENSG00000140443","ENSG00000124181"
"494","ENSG00000140443","ENSG00000197943"
"495","ENSG00000140443","ENSG00000177885"
"496","ENSG00000140443","ENSG00000121879"
"497","ENSG00000140443","ENSG00000051382"
"498","ENSG00000140443","ENSG00000171608"
"499","ENSG00000140443","ENSG00000145675"
"500","ENSG00000140443","ENSG00000105647"
"501","ENSG00000140443","ENSG00000117461"
"502","ENSG00000157404","ENSG00000121879"
"503","ENSG00000157404","ENSG00000051382"
"504","ENSG00000157404","ENSG00000171608"
"505","ENSG00000157404","ENSG00000145675"
"506","ENSG00000157404","ENSG00000105647"
"507","ENSG00000157404","ENSG00000117461"
"508","ENSG00000157404","ENSG00000177885"
"509","ENSG00000122025","ENSG00000121879"
"510","ENSG00000122025","ENSG00000051382"
"511","ENSG00000122025","ENSG00000171608"
"512","ENSG00000122025","ENSG00000145675"
"513","ENSG00000122025","ENSG00000105647"
"514","ENSG00000122025","ENSG00000117461"
"515","ENSG00000122025","ENSG00000177885"
"516","ENSG00000105976","ENSG00000177885"
"517","ENSG00000077782","ENSG00000177885"
"518","ENSG00000068078","ENSG00000177885"
"519","ENSG00000066468","ENSG00000177885"
"520","ENSG00000160867","ENSG00000177885"
"521","ENSG00000114354","ENSG00000174775"
"522","ENSG00000114354","ENSG00000133703"
"523","ENSG00000114354","ENSG00000213281"
"524","ENSG00000198400","ENSG00000174775"
"525","ENSG00000198400","ENSG00000133703"
"526","ENSG00000198400","ENSG00000213281"
"527","ENSG00000143549","ENSG00000174775"
"528","ENSG00000143549","ENSG00000133703"
"529","ENSG00000143549","ENSG00000213281"
"530","ENSG00000047410","ENSG00000174775"
"531","ENSG00000047410","ENSG00000133703"
"532","ENSG00000047410","ENSG00000213281"
"533","ENSG00000163235","ENSG00000146648"
"534","ENSG00000138798","ENSG00000146648"
"535","ENSG00000019991","ENSG00000105976"
"536","ENSG00000197461","ENSG00000134853"
"537","ENSG00000197461","ENSG00000113721"
"538","ENSG00000100311","ENSG00000134853"
"539","ENSG00000100311","ENSG00000113721"
"540","ENSG00000017427","ENSG00000140443"
"541","ENSG00000167244","ENSG00000140443"
"542","ENSG00000169083","ENSG00000142515"
"543","ENSG00000169083","ENSG00000169083"
"544","ENSG00000080824","ENSG00000169083"
"545","ENSG00000096384","ENSG00000169083"
"546","ENSG00000166598","ENSG00000169083"
"547","ENSG00000082701","ENSG00000168036"
"548","ENSG00000213341","ENSG00000100906"
"549","ENSG00000104365","ENSG00000100906"
"550","ENSG00000269335","ENSG00000100906"
"551","ENSG00000198793","ENSG00000108443"
"552","ENSG00000198793","ENSG00000175634"
"553","ENSG00000002330","ENSG00000171552"
"554","ENSG00000002330","ENSG00000171791"
"555","ENSG00000135679","ENSG00000141510"
"556","ENSG00000111276","ENSG00000123374"
"557","ENSG00000111276","ENSG00000105173"
"558","ENSG00000111276","ENSG00000175305"
"559","ENSG00000171552","ENSG00000087088"
"560","ENSG00000171552","ENSG00000030110"
"561","ENSG00000168610","ENSG00000165197"
"562","ENSG00000168610","ENSG00000119630"
"563","ENSG00000168610","ENSG00000112715"
"564","ENSG00000168610","ENSG00000173511"
"565","ENSG00000168610","ENSG00000150630"
"566","ENSG00000115415","ENSG00000165197"
"567","ENSG00000115415","ENSG00000119630"
"568","ENSG00000115415","ENSG00000112715"
"569","ENSG00000115415","ENSG00000173511"
"570","ENSG00000115415","ENSG00000150630"
"571","ENSG00000177885","ENSG00000115904"
"572","ENSG00000177885","ENSG00000100485"
"573","ENSG00000115904","ENSG00000174775"
"574","ENSG00000115904","ENSG00000133703"
"575","ENSG00000115904","ENSG00000213281"
"576","ENSG00000100485","ENSG00000174775"
"577","ENSG00000100485","ENSG00000133703"
"578","ENSG00000100485","ENSG00000213281"
"579","ENSG00000174775","ENSG00000078061"
"580","ENSG00000174775","ENSG00000132155"
"581","ENSG00000174775","ENSG00000157764"
"582","ENSG00000174775","ENSG00000121879"
"583","ENSG00000174775","ENSG00000051382"
"584","ENSG00000174775","ENSG00000171608"
"585","ENSG00000174775","ENSG00000145675"
"586","ENSG00000174775","ENSG00000105647"
"587","ENSG00000174775","ENSG00000117461"
"588","ENSG00000174775","ENSG00000068028"
"589","ENSG00000174775","ENSG00000160271"
"590","ENSG00000133703","ENSG00000078061"
"591","ENSG00000133703","ENSG00000132155"
"592","ENSG00000133703","ENSG00000157764"
"593","ENSG00000133703","ENSG00000121879"
"594","ENSG00000133703","ENSG00000051382"
"595","ENSG00000133703","ENSG00000171608"
"596","ENSG00000133703","ENSG00000145675"
"597","ENSG00000133703","ENSG00000105647"
"598","ENSG00000133703","ENSG00000117461"
"599","ENSG00000133703","ENSG00000068028"
"600","ENSG00000133703","ENSG00000160271"
"601","ENSG00000213281","ENSG00000078061"
"602","ENSG00000213281","ENSG00000132155"
"603","ENSG00000213281","ENSG00000157764"
"604","ENSG00000213281","ENSG00000121879"
"605","ENSG00000213281","ENSG00000051382"
"606","ENSG00000213281","ENSG00000171608"
"607","ENSG00000213281","ENSG00000145675"
"608","ENSG00000213281","ENSG00000105647"
"609","ENSG00000213281","ENSG00000117461"
"610","ENSG00000213281","ENSG00000068028"
"611","ENSG00000213281","ENSG00000160271"
"612","ENSG00000078061","ENSG00000169032"
"613","ENSG00000078061","ENSG00000126934"
"614","ENSG00000132155","ENSG00000169032"
"615","ENSG00000132155","ENSG00000126934"
"616","ENSG00000157764","ENSG00000169032"
"617","ENSG00000157764","ENSG00000126934"
"618","ENSG00000169032","ENSG00000100030"
"619","ENSG00000169032","ENSG00000102882"
"620","ENSG00000126934","ENSG00000100030"
"621","ENSG00000126934","ENSG00000102882"
"622","ENSG00000266094","ENSG00000068028"
"623","ENSG00000068028","ENSG00000101109"
"624","ENSG00000068028","ENSG00000110092"
"625","ENSG00000068028","ENSG00000174775"
"626","ENSG00000068028","ENSG00000133703"
"627","ENSG00000068028","ENSG00000213281"
"628","ENSG00000100906","ENSG00000109320"
"629","ENSG00000100906","ENSG00000077150"
"630","ENSG00000100906","ENSG00000173039"
"631","ENSG00000109320","ENSG00000073756"
"632","ENSG00000109320","ENSG00000007171"
"633","ENSG00000109320","ENSG00000171791"
"634","ENSG00000109320","ENSG00000110330"
"635","ENSG00000109320","ENSG00000023445"
"636","ENSG00000109320","ENSG00000101966"
"637","ENSG00000109320","ENSG00000101197"
"638","ENSG00000109320","ENSG00000171552"
"639","ENSG00000109320","ENSG00000056558"
"640","ENSG00000109320","ENSG00000127191"
"641","ENSG00000109320","ENSG00000131323"
"642","ENSG00000109320","ENSG00000082512"
"643","ENSG00000109320","ENSG00000175104"
"644","ENSG00000109320","ENSG00000076604"
"645","ENSG00000109320","ENSG00000110092"
"646","ENSG00000077150","ENSG00000073756"
"647","ENSG00000077150","ENSG00000007171"
"648","ENSG00000077150","ENSG00000171791"
"649","ENSG00000077150","ENSG00000110330"
"650","ENSG00000077150","ENSG00000023445"
"651","ENSG00000077150","ENSG00000101966"
"652","ENSG00000077150","ENSG00000101197"
"653","ENSG00000077150","ENSG00000171552"
"654","ENSG00000077150","ENSG00000056558"
"655","ENSG00000077150","ENSG00000127191"
"656","ENSG00000077150","ENSG00000131323"
"657","ENSG00000077150","ENSG00000082512"
"658","ENSG00000077150","ENSG00000175104"
"659","ENSG00000077150","ENSG00000076604"
"660","ENSG00000077150","ENSG00000110092"
"661","ENSG00000173039","ENSG00000073756"
"662","ENSG00000173039","ENSG00000007171"
"663","ENSG00000173039","ENSG00000171791"
"664","ENSG00000173039","ENSG00000110330"
"665","ENSG00000173039","ENSG00000023445"
"666","ENSG00000173039","ENSG00000101966"
"667","ENSG00000173039","ENSG00000101197"
"668","ENSG00000173039","ENSG00000171552"
"669","ENSG00000173039","ENSG00000056558"
"670","ENSG00000173039","ENSG00000127191"
"671","ENSG00000173039","ENSG00000131323"
"672","ENSG00000173039","ENSG00000082512"
"673","ENSG00000173039","ENSG00000175104"
"674","ENSG00000173039","ENSG00000076604"
"675","ENSG00000173039","ENSG00000110092"
"676","ENSG00000110092","ENSG00000139687"
"677","ENSG00000165731","ENSG00000174775"
"678","ENSG00000165731","ENSG00000133703"
"679","ENSG00000165731","ENSG00000213281"
"680","ENSG00000108091","ENSG00000174775"
"681","ENSG00000108091","ENSG00000133703"
"682","ENSG00000108091","ENSG00000213281"
"683","ENSG00000266412","ENSG00000174775"
"684","ENSG00000266412","ENSG00000133703"
"685","ENSG00000266412","ENSG00000213281"
"686","ENSG00000160271","ENSG00000006451"
"687","ENSG00000160271","ENSG00000144118"
"688","ENSG00000160271","ENSG00000067560"
"689","ENSG00000160271","ENSG00000136238"
"690","ENSG00000160271","ENSG00000128340"
"691","ENSG00000160271","ENSG00000169750"
"692","ENSG00000006451","ENSG00000017797"
"693","ENSG00000006451","ENSG00000075651"
"694","ENSG00000006451","ENSG00000129219"
"695","ENSG00000144118","ENSG00000017797"
"696","ENSG00000144118","ENSG00000075651"
"697","ENSG00000144118","ENSG00000129219"
"698","ENSG00000067560","ENSG00000107643"
"699","ENSG00000067560","ENSG00000050748"
"700","ENSG00000067560","ENSG00000109339"
"701","ENSG00000136238","ENSG00000107643"
"702","ENSG00000136238","ENSG00000050748"
"703","ENSG00000136238","ENSG00000109339"
"704","ENSG00000128340","ENSG00000107643"
"705","ENSG00000128340","ENSG00000050748"
"706","ENSG00000128340","ENSG00000109339"
"707","ENSG00000169750","ENSG00000107643"
"708","ENSG00000169750","ENSG00000050748"
"709","ENSG00000169750","ENSG00000109339"
"710","ENSG00000017797","ENSG00000136238"
"711","ENSG00000017797","ENSG00000128340"
"712","ENSG00000017797","ENSG00000169750"
"713","ENSG00000017797","ENSG00000070831"
"714","ENSG00000177606","ENSG00000165197"
"715","ENSG00000177606","ENSG00000119630"
"716","ENSG00000177606","ENSG00000112715"
"717","ENSG00000177606","ENSG00000173511"
"718","ENSG00000177606","ENSG00000150630"
"719","ENSG00000177606","ENSG00000169429"
"720","ENSG00000177606","ENSG00000196611"
"721","ENSG00000177606","ENSG00000087245"
"722","ENSG00000177606","ENSG00000100985"
"723","ENSG00000177606","ENSG00000110092"
"724","ENSG00000177606","ENSG00000135446"
"725","ENSG00000177606","ENSG00000136997"
"726","ENSG00000177606","ENSG00000112033"
"727","ENSG00000170345","ENSG00000165197"
"728","ENSG00000170345","ENSG00000119630"
"729","ENSG00000170345","ENSG00000112715"
"730","ENSG00000170345","ENSG00000173511"
"731","ENSG00000170345","ENSG00000150630"
"732","ENSG00000170345","ENSG00000169429"
"733","ENSG00000170345","ENSG00000196611"
"734","ENSG00000170345","ENSG00000087245"
"735","ENSG00000170345","ENSG00000100985"
"736","ENSG00000170345","ENSG00000110092"
"737","ENSG00000170345","ENSG00000135446"
"738","ENSG00000170345","ENSG00000136997"
"739","ENSG00000170345","ENSG00000112033"
"740","ENSG00000136997","ENSG00000165197"
"741","ENSG00000136997","ENSG00000119630"
"742","ENSG00000136997","ENSG00000112715"
"743","ENSG00000136997","ENSG00000173511"
"744","ENSG00000136997","ENSG00000150630"
"745","ENSG00000136997","ENSG00000169429"
"746","ENSG00000136997","ENSG00000196611"
"747","ENSG00000136997","ENSG00000087245"
"748","ENSG00000136997","ENSG00000100985"
"749","ENSG00000136997","ENSG00000110092"
"750","ENSG00000136997","ENSG00000135446"
"751","ENSG00000136997","ENSG00000116809"
"752","ENSG00000136997","ENSG00000173207"
"753","ENSG00000136997","ENSG00000123975"
"754","ENSG00000141510","ENSG00000124762"
"755","ENSG00000141510","ENSG00000130222"
"756","ENSG00000141510","ENSG00000116717"
"757","ENSG00000141510","ENSG00000099860"
"758","ENSG00000141510","ENSG00000030110"
"759","ENSG00000141510","ENSG00000122008"
"760","ENSG00000141510","ENSG00000087088"
"761","ENSG00000141510","ENSG00000134574"
"762","ENSG00000138795","ENSG00000089685"
"763","ENSG00000138795","ENSG00000136997"
"764","ENSG00000138795","ENSG00000110092"
"765","ENSG00000081059","ENSG00000089685"
"766","ENSG00000081059","ENSG00000136997"
"767","ENSG00000081059","ENSG00000110092"
"768","ENSG00000148737","ENSG00000089685"
"769","ENSG00000148737","ENSG00000136997"
"770","ENSG00000148737","ENSG00000110092"
"771","ENSG00000152284","ENSG00000089685"
"772","ENSG00000152284","ENSG00000136997"
"773","ENSG00000152284","ENSG00000110092"
"774","ENSG00000154229","ENSG00000078061"
"775","ENSG00000154229","ENSG00000132155"
"776","ENSG00000154229","ENSG00000157764"
"777","ENSG00000154229","ENSG00000174775"
"778","ENSG00000154229","ENSG00000133703"
"779","ENSG00000154229","ENSG00000213281"
"780","ENSG00000154229","ENSG00000126767"
"781","ENSG00000166501","ENSG00000078061"
"782","ENSG00000166501","ENSG00000132155"
"783","ENSG00000166501","ENSG00000157764"
"784","ENSG00000166501","ENSG00000174775"
"785","ENSG00000166501","ENSG00000133703"
"786","ENSG00000166501","ENSG00000213281"
"787","ENSG00000166501","ENSG00000126767"
"788","ENSG00000126583","ENSG00000078061"
"789","ENSG00000126583","ENSG00000132155"
"790","ENSG00000126583","ENSG00000157764"
"791","ENSG00000126583","ENSG00000174775"
"792","ENSG00000126583","ENSG00000133703"
"793","ENSG00000126583","ENSG00000213281"
"794","ENSG00000126583","ENSG00000126767"
"795","ENSG00000164690","ENSG00000185920"
"796","ENSG00000185920","ENSG00000128602"
"797","ENSG00000128602","ENSG00000107882"
"798","ENSG00000107882","ENSG00000111087"
"799","ENSG00000107882","ENSG00000074047"
"800","ENSG00000107882","ENSG00000106571"
"801","ENSG00000269858","ENSG00000116016"
"802","ENSG00000269858","ENSG00000100644"
"803","ENSG00000129521","ENSG00000116016"
"804","ENSG00000129521","ENSG00000100644"
"805","ENSG00000135766","ENSG00000116016"
"806","ENSG00000135766","ENSG00000100644"
"807","ENSG00000103363","ENSG00000116016"
"808","ENSG00000103363","ENSG00000100644"
"809","ENSG00000154582","ENSG00000116016"
"810","ENSG00000154582","ENSG00000100644"
"811","ENSG00000134086","ENSG00000116016"
"812","ENSG00000134086","ENSG00000100644"
"813","ENSG00000108094","ENSG00000116016"
"814","ENSG00000108094","ENSG00000100644"
"815","ENSG00000100387","ENSG00000116016"
"816","ENSG00000100387","ENSG00000100644"
"817","ENSG00000100387","ENSG00000111276"
"818","ENSG00000116016","ENSG00000117394"
"819","ENSG00000116016","ENSG00000165197"
"820","ENSG00000116016","ENSG00000119630"
"821","ENSG00000116016","ENSG00000112715"
"822","ENSG00000116016","ENSG00000173511"
"823","ENSG00000116016","ENSG00000150630"
"824","ENSG00000116016","ENSG00000100311"
"825","ENSG00000116016","ENSG00000105329"
"826","ENSG00000116016","ENSG00000092969"
"827","ENSG00000116016","ENSG00000119699"
"828","ENSG00000116016","ENSG00000163235"
"829","ENSG00000116016","ENSG00000143437"
"830","ENSG00000116016","ENSG00000172379"
"831","ENSG00000116016","ENSG00000005339"
"832","ENSG00000116016","ENSG00000100393"
"833","ENSG00000100644","ENSG00000117394"
"834","ENSG00000100644","ENSG00000165197"
"835","ENSG00000100644","ENSG00000119630"
"836","ENSG00000100644","ENSG00000112715"
"837","ENSG00000100644","ENSG00000173511"
"838","ENSG00000100644","ENSG00000150630"
"839","ENSG00000100644","ENSG00000100311"
"840","ENSG00000100644","ENSG00000105329"
"841","ENSG00000100644","ENSG00000092969"
"842","ENSG00000100644","ENSG00000119699"
"843","ENSG00000100644","ENSG00000163235"
"844","ENSG00000100644","ENSG00000143437"
"845","ENSG00000100644","ENSG00000172379"
"846","ENSG00000100644","ENSG00000005339"
"847","ENSG00000100644","ENSG00000100393"
"848","ENSG00000172115","ENSG00000132906"
"849","ENSG00000172115","ENSG00000120868"
"850","ENSG00000105329","ENSG00000106799"
"851","ENSG00000105329","ENSG00000163513"
"852","ENSG00000092969","ENSG00000106799"
"853","ENSG00000092969","ENSG00000163513"
"854","ENSG00000119699","ENSG00000106799"
"855","ENSG00000119699","ENSG00000163513"
"856","ENSG00000106799","ENSG00000175387"
"857","ENSG00000106799","ENSG00000166949"
"858","ENSG00000163513","ENSG00000175387"
"859","ENSG00000163513","ENSG00000166949"
"860","ENSG00000175387","ENSG00000141646"
"861","ENSG00000166949","ENSG00000141646"
"862","ENSG00000087088","ENSG00000172115"
"863","ENSG00000085276","ENSG00000159692"
"864","ENSG00000085276","ENSG00000175029"
"865","ENSG00000085276","ENSG00000116478"
"866","ENSG00000085276","ENSG00000196591"
"867","ENSG00000159216","ENSG00000066336"
"868","ENSG00000159216","ENSG00000245848"
"869","ENSG00000159216","ENSG00000173801"
"870","ENSG00000159216","ENSG00000182578"
"871","ENSG00000159216","ENSG00000159692"
"872","ENSG00000159216","ENSG00000175029"
"873","ENSG00000159216","ENSG00000116478"
"874","ENSG00000159216","ENSG00000196591"
"875","ENSG00000132170","ENSG00000186350"
"876","ENSG00000132170","ENSG00000231321"
"877","ENSG00000132170","ENSG00000143171"
"878","ENSG00000125618","ENSG00000186350"
"879","ENSG00000125618","ENSG00000231321"
"880","ENSG00000125618","ENSG00000143171"
"881","ENSG00000173801","ENSG00000112033"
"882","ENSG00000173801","ENSG00000136997"
"883","ENSG00000173801","ENSG00000110092"
"884","ENSG00000173801","ENSG00000138795"
"885","ENSG00000173801","ENSG00000081059"
"886","ENSG00000173801","ENSG00000148737"
"887","ENSG00000173801","ENSG00000152284"
"888","ENSG00000131759","ENSG00000066336"
"889","ENSG00000131759","ENSG00000173801"
"890","ENSG00000131759","ENSG00000145386"
"891","ENSG00000131759","ENSG00000133101"
"892","ENSG00000109906","ENSG00000173801"
"893","ENSG00000109906","ENSG00000145386"
"894","ENSG00000109906","ENSG00000133101"
"895","ENSG00000140464","ENSG00000066336"
"896","ENSG00000140464","ENSG00000173801"
"897","ENSG00000140464","ENSG00000145386"
"898","ENSG00000140464","ENSG00000133101"
"899","ENSG00000079102","ENSG00000066336"
"900","ENSG00000079102","ENSG00000245848"
"901","ENSG00000079102","ENSG00000173801"
"902","ENSG00000079102","ENSG00000182578"
"903","ENSG00000066336","ENSG00000119535"
"904","ENSG00000066336","ENSG00000198223"
"905","ENSG00000066336","ENSG00000182578"
"906","ENSG00000245848","ENSG00000119535"
"907","ENSG00000245848","ENSG00000136244"
"908","ENSG00000245848","ENSG00000101412"
"909","ENSG00000245848","ENSG00000007968"
"910","ENSG00000245848","ENSG00000112242"
"911","ENSG00000245848","ENSG00000136997"
"912","ENSG00000125952","ENSG00000116809"
"913","ENSG00000125952","ENSG00000173207"
"914","ENSG00000125952","ENSG00000123975"
"915","ENSG00000116809","ENSG00000147883"
"916","ENSG00000118971","ENSG00000139687"
"917","ENSG00000112576","ENSG00000139687"
"918","ENSG00000124762","ENSG00000110092"
"919","ENSG00000124762","ENSG00000118971"
"920","ENSG00000124762","ENSG00000112576"
"921","ENSG00000124762","ENSG00000135446"
"922","ENSG00000124762","ENSG00000105810"
"923","ENSG00000135446","ENSG00000139687"
"924","ENSG00000105810","ENSG00000139687"
"925","ENSG00000139687","ENSG00000101412"
"926","ENSG00000139687","ENSG00000007968"
"927","ENSG00000139687","ENSG00000112242"
"928","ENSG00000123374","ENSG00000139687"
"929","ENSG00000105173","ENSG00000139687"
"930","ENSG00000175305","ENSG00000139687"
"931","ENSG00000145604","ENSG00000111276"
"932","ENSG00000173207","ENSG00000145604"
"933","ENSG00000173207","ENSG00000113558"
"934","ENSG00000173207","ENSG00000055130"
"935","ENSG00000173207","ENSG00000100387"
"936","ENSG00000123975","ENSG00000145604"
"937","ENSG00000123975","ENSG00000113558"
"938","ENSG00000123975","ENSG00000055130"
"939","ENSG00000123975","ENSG00000100387"
"940","ENSG00000147883","ENSG00000110092"
"941","ENSG00000147883","ENSG00000118971"
"942","ENSG00000147883","ENSG00000112576"
"943","ENSG00000147883","ENSG00000135446"
"944","ENSG00000147883","ENSG00000105810"
"945","ENSG00000147889","ENSG00000135679"
"946","ENSG00000147889","ENSG00000110092"
"947","ENSG00000147889","ENSG00000118971"
"948","ENSG00000147889","ENSG00000112576"
"949","ENSG00000147889","ENSG00000135446"
"950","ENSG00000147889","ENSG00000105810"
"951","ENSG00000026103","ENSG00000168040"
"952","ENSG00000168040","ENSG00000064012"
"953","ENSG00000064012","ENSG00000015475"
"954","ENSG00000015475","ENSG00000172115"
"955","ENSG00000111087","ENSG00000125845"
"956","ENSG00000111087","ENSG00000125378"
"957","ENSG00000111087","ENSG00000111087"
"958","ENSG00000111087","ENSG00000002745"
"959","ENSG00000111087","ENSG00000162552"
"960","ENSG00000111087","ENSG00000125084"
"961","ENSG00000111087","ENSG00000105989"
"962","ENSG00000111087","ENSG00000108379"
"963","ENSG00000111087","ENSG00000114251"
"964","ENSG00000111087","ENSG00000115596"
"965","ENSG00000111087","ENSG00000154764"
"966","ENSG00000111087","ENSG00000188064"
"967","ENSG00000111087","ENSG00000061492"
"968","ENSG00000111087","ENSG00000075290"
"969","ENSG00000111087","ENSG00000169884"
"970","ENSG00000111087","ENSG00000085741"
"971","ENSG00000111087","ENSG00000134245"
"972","ENSG00000111087","ENSG00000143816"
"973","ENSG00000111087","ENSG00000158955"
"974","ENSG00000111087","ENSG00000135925"
"975","ENSG00000111087","ENSG00000111186"
"976","ENSG00000111087","ENSG00000154342"
"977","ENSG00000111087","ENSG00000164161"
"978","ENSG00000111087","ENSG00000185920"
"979","ENSG00000111087","ENSG00000117425"
"980","ENSG00000171791","ENSG00000087088"
"981","ENSG00000196730","ENSG00000100030"
"982","ENSG00000196730","ENSG00000102882"
"983","ENSG00000167657","ENSG00000100030"
"984","ENSG00000167657","ENSG00000102882"
"985","ENSG00000035664","ENSG00000100030"
"986","ENSG00000035664","ENSG00000102882"
"987","ENSG00000134954","ENSG00000165197"
"988","ENSG00000134954","ENSG00000119630"
"989","ENSG00000134954","ENSG00000112715"
"990","ENSG00000134954","ENSG00000173511"
"991","ENSG00000134954","ENSG00000150630"
"992","ENSG00000134954","ENSG00000196611"
"993","ENSG00000134954","ENSG00000087245"
"994","ENSG00000134954","ENSG00000100985"
"995","ENSG00000134954","ENSG00000169429"
"996","ENSG00000134954","ENSG00000110092"
"997","ENSG00000134954","ENSG00000135446"
"998","ENSG00000136244","ENSG00000100368"
"999","ENSG00000136244","ENSG00000162594"
"1000","ENSG00000136244","ENSG00000187266"
"1001","ENSG00000136244","ENSG00000142166"
"1002","ENSG00000136244","ENSG00000159110"
"1003","ENSG00000136244","ENSG00000027697"
"1004","ENSG00000136244","ENSG00000159128"
"1005","ENSG00000136244","ENSG00000134460"
"1006","ENSG00000136244","ENSG00000100385"
"1007","ENSG00000136244","ENSG00000147168"
"1008","ENSG00000136244","ENSG00000185291"
"1009","ENSG00000136244","ENSG00000077238"
"1010","ENSG00000136244","ENSG00000091181"
"1011","ENSG00000136244","ENSG00000160712"
"1012","ENSG00000136244","ENSG00000134352"
"1013","ENSG00000136244","ENSG00000168685"
"1014","ENSG00000136244","ENSG00000096996"
"1015","ENSG00000136244","ENSG00000081985"
"1016","ENSG00000136244","ENSG00000131724"
"1017","ENSG00000136244","ENSG00000134470"
"1018","ENSG00000167034","ENSG00000117020"
"1019","ENSG00000167034","ENSG00000142208"
"1020","ENSG00000167034","ENSG00000105221"
"1021","ENSG00000100030","ENSG00000177606"
"1022","ENSG00000100030","ENSG00000170345"
"1023","ENSG00000100030","ENSG00000136997"
"1024","ENSG00000100030","ENSG00000134954"
"1025","ENSG00000100030","ENSG00000100784"
"1026","ENSG00000102882","ENSG00000177606"
"1027","ENSG00000102882","ENSG00000170345"
"1028","ENSG00000102882","ENSG00000136997"
"1029","ENSG00000102882","ENSG00000134954"
"1030","ENSG00000102882","ENSG00000100784"
"1031","ENSG00000117020","ENSG00000082701"
"1032","ENSG00000117020","ENSG00000132906"
"1033","ENSG00000117020","ENSG00000002330"
"1034","ENSG00000117020","ENSG00000150907"
"1035","ENSG00000117020","ENSG00000111276"
"1036","ENSG00000117020","ENSG00000124762"
"1037","ENSG00000117020","ENSG00000213341"
"1038","ENSG00000117020","ENSG00000104365"
"1039","ENSG00000117020","ENSG00000269335"
"1040","ENSG00000117020","ENSG00000198793"
"1041","ENSG00000117020","ENSG00000135679"
"1042","ENSG00000142208","ENSG00000082701"
"1043","ENSG00000142208","ENSG00000132906"
"1044","ENSG00000142208","ENSG00000002330"
"1045","ENSG00000142208","ENSG00000150907"
"1046","ENSG00000142208","ENSG00000111276"
"1047","ENSG00000142208","ENSG00000124762"
"1048","ENSG00000142208","ENSG00000213341"
"1049","ENSG00000142208","ENSG00000104365"
"1050","ENSG00000142208","ENSG00000269335"
"1051","ENSG00000142208","ENSG00000198793"
"1052","ENSG00000142208","ENSG00000135679"
"1053","ENSG00000105221","ENSG00000082701"
"1054","ENSG00000105221","ENSG00000132906"
"1055","ENSG00000105221","ENSG00000002330"
"1056","ENSG00000105221","ENSG00000150907"
"1057","ENSG00000105221","ENSG00000111276"
"1058","ENSG00000105221","ENSG00000124762"
"1059","ENSG00000105221","ENSG00000213341"
"1060","ENSG00000105221","ENSG00000104365"
"1061","ENSG00000105221","ENSG00000269335"
"1062","ENSG00000105221","ENSG00000198793"
"1063","ENSG00000105221","ENSG00000135679"
"1064","ENSG00000074047","ENSG00000125845"
"1065","ENSG00000074047","ENSG00000125378"
"1066","ENSG00000074047","ENSG00000111087"
"1067","ENSG00000074047","ENSG00000002745"
"1068","ENSG00000074047","ENSG00000162552"
"1069","ENSG00000074047","ENSG00000125084"
"1070","ENSG00000074047","ENSG00000105989"
"1071","ENSG00000074047","ENSG00000108379"
"1072","ENSG00000074047","ENSG00000114251"
"1073","ENSG00000074047","ENSG00000115596"
"1074","ENSG00000074047","ENSG00000154764"
"1075","ENSG00000074047","ENSG00000188064"
"1076","ENSG00000074047","ENSG00000061492"
"1077","ENSG00000074047","ENSG00000075290"
"1078","ENSG00000074047","ENSG00000169884"
"1079","ENSG00000074047","ENSG00000085741"
"1080","ENSG00000074047","ENSG00000134245"
"1081","ENSG00000074047","ENSG00000143816"
"1082","ENSG00000074047","ENSG00000158955"
"1083","ENSG00000074047","ENSG00000135925"
"1084","ENSG00000074047","ENSG00000111186"
"1085","ENSG00000074047","ENSG00000154342"
"1086","ENSG00000074047","ENSG00000164161"
"1087","ENSG00000074047","ENSG00000185920"
"1088","ENSG00000074047","ENSG00000117425"
"1089","ENSG00000106571","ENSG00000125845"
"1090","ENSG00000106571","ENSG00000125378"
"1091","ENSG00000106571","ENSG00000111087"
"1092","ENSG00000106571","ENSG00000002745"
"1093","ENSG00000106571","ENSG00000162552"
"1094","ENSG00000106571","ENSG00000125084"
"1095","ENSG00000106571","ENSG00000105989"
"1096","ENSG00000106571","ENSG00000108379"
"1097","ENSG00000106571","ENSG00000114251"
"1098","ENSG00000106571","ENSG00000115596"
"1099","ENSG00000106571","ENSG00000154764"
"1100","ENSG00000106571","ENSG00000188064"
"1101","ENSG00000106571","ENSG00000061492"
"1102","ENSG00000106571","ENSG00000075290"
"1103","ENSG00000106571","ENSG00000169884"
"1104","ENSG00000106571","ENSG00000085741"
"1105","ENSG00000106571","ENSG00000134245"
"1106","ENSG00000106571","ENSG00000143816"
"1107","ENSG00000106571","ENSG00000158955"
"1108","ENSG00000106571","ENSG00000135925"
"1109","ENSG00000106571","ENSG00000111186"
"1110","ENSG00000106571","ENSG00000154342"
"1111","ENSG00000106571","ENSG00000164161"
"1112","ENSG00000106571","ENSG00000185920"
"1113","ENSG00000106571","ENSG00000117425"
"1114","ENSG00000117560","ENSG00000026103"
"1115","ENSG00000049130","ENSG00000157404"
"1116","ENSG00000090554","ENSG00000122025"
"1117","ENSG00000113578","ENSG00000077782"
"1118","ENSG00000113578","ENSG00000068078"
"1119","ENSG00000113578","ENSG00000066468"
"1120","ENSG00000113578","ENSG00000160867"
"1121","ENSG00000138685","ENSG00000077782"
"1122","ENSG00000138685","ENSG00000068078"
"1123","ENSG00000138685","ENSG00000066468"
"1124","ENSG00000138685","ENSG00000160867"
"1125","ENSG00000186895","ENSG00000077782"
"1126","ENSG00000186895","ENSG00000068078"
"1127","ENSG00000186895","ENSG00000066468"
"1128","ENSG00000186895","ENSG00000160867"
"1129","ENSG00000075388","ENSG00000077782"
"1130","ENSG00000075388","ENSG00000068078"
"1131","ENSG00000075388","ENSG00000066468"
"1132","ENSG00000075388","ENSG00000160867"
"1133","ENSG00000138675","ENSG00000077782"
"1134","ENSG00000138675","ENSG00000068078"
"1135","ENSG00000138675","ENSG00000066468"
"1136","ENSG00000138675","ENSG00000160867"
"1137","ENSG00000111241","ENSG00000077782"
"1138","ENSG00000111241","ENSG00000068078"
"1139","ENSG00000111241","ENSG00000066468"
"1140","ENSG00000111241","ENSG00000160867"
"1141","ENSG00000140285","ENSG00000077782"
"1142","ENSG00000140285","ENSG00000068078"
"1143","ENSG00000140285","ENSG00000066468"
"1144","ENSG00000140285","ENSG00000160867"
"1145","ENSG00000107831","ENSG00000077782"
"1146","ENSG00000107831","ENSG00000068078"
"1147","ENSG00000107831","ENSG00000066468"
"1148","ENSG00000107831","ENSG00000160867"
"1149","ENSG00000102678","ENSG00000077782"
"1150","ENSG00000102678","ENSG00000068078"
"1151","ENSG00000102678","ENSG00000066468"
"1152","ENSG00000102678","ENSG00000160867"
"1153","ENSG00000070193","ENSG00000077782"
"1154","ENSG00000070193","ENSG00000068078"
"1155","ENSG00000070193","ENSG00000066468"
"1156","ENSG00000070193","ENSG00000160867"
"1157","ENSG00000078579","ENSG00000077782"
"1158","ENSG00000078579","ENSG00000068078"
"1159","ENSG00000078579","ENSG00000066468"
"1160","ENSG00000078579","ENSG00000160867"
"1161","ENSG00000105550","ENSG00000077782"
"1162","ENSG00000105550","ENSG00000068078"
"1163","ENSG00000105550","ENSG00000066468"
"1164","ENSG00000105550","ENSG00000160867"
"1165","ENSG00000070388","ENSG00000077782"
"1166","ENSG00000070388","ENSG00000068078"
"1167","ENSG00000070388","ENSG00000066468"
"1168","ENSG00000070388","ENSG00000160867"
"1169","ENSG00000118972","ENSG00000077782"
"1170","ENSG00000118972","ENSG00000068078"
"1171","ENSG00000118972","ENSG00000066468"
"1172","ENSG00000118972","ENSG00000160867"
"1173","ENSG00000156427","ENSG00000077782"
"1174","ENSG00000156427","ENSG00000068078"
"1175","ENSG00000156427","ENSG00000066468"
"1176","ENSG00000156427","ENSG00000160867"
"1177","ENSG00000158815","ENSG00000077782"
"1178","ENSG00000158815","ENSG00000068078"
"1179","ENSG00000158815","ENSG00000066468"
"1180","ENSG00000158815","ENSG00000160867"
"1181","ENSG00000196468","ENSG00000077782"
"1182","ENSG00000196468","ENSG00000068078"
"1183","ENSG00000196468","ENSG00000066468"
"1184","ENSG00000196468","ENSG00000160867"
"1185","ENSG00000162344","ENSG00000077782"
"1186","ENSG00000162344","ENSG00000068078"
"1187","ENSG00000162344","ENSG00000066468"
"1188","ENSG00000162344","ENSG00000160867"
"1189","ENSG00000151617","ENSG00000088256"
"1190","ENSG00000151617","ENSG00000156052"
"1191","ENSG00000136160","ENSG00000088256"
"1192","ENSG00000136160","ENSG00000156052"
"1193","ENSG00000100739","ENSG00000088256"
"1194","ENSG00000100739","ENSG00000156052"
"1195","ENSG00000168398","ENSG00000088256"
"1196","ENSG00000168398","ENSG00000156052"
"1197","ENSG00000088256","ENSG00000182621"
"1198","ENSG00000088256","ENSG00000137841"
"1199","ENSG00000088256","ENSG00000149782"
"1200","ENSG00000088256","ENSG00000101333"
"1201","ENSG00000156052","ENSG00000182621"
"1202","ENSG00000156052","ENSG00000137841"
"1203","ENSG00000156052","ENSG00000149782"
"1204","ENSG00000156052","ENSG00000101333"
"1205","ENSG00000172575","ENSG00000174775"
"1206","ENSG00000172575","ENSG00000133703"
"1207","ENSG00000172575","ENSG00000213281"
"1208","ENSG00000068831","ENSG00000174775"
"1209","ENSG00000068831","ENSG00000133703"
"1210","ENSG00000068831","ENSG00000213281"
"1211","ENSG00000171777","ENSG00000174775"
"1212","ENSG00000171777","ENSG00000133703"
"1213","ENSG00000171777","ENSG00000213281"
"1214","ENSG00000152689","ENSG00000174775"
"1215","ENSG00000152689","ENSG00000133703"
"1216","ENSG00000152689","ENSG00000213281"
"1217","ENSG00000107562","ENSG00000121966"
"1218","ENSG00000166813","ENSG00000107882"
"1219","ENSG00000101384","ENSG00000148400"
"1220","ENSG00000101384","ENSG00000134250"
"1221","ENSG00000101384","ENSG00000074181"
"1222","ENSG00000101384","ENSG00000204301"
"1223","ENSG00000184916","ENSG00000148400"
"1224","ENSG00000184916","ENSG00000134250"
"1225","ENSG00000184916","ENSG00000074181"
"1226","ENSG00000184916","ENSG00000204301"
"1227","ENSG00000148400","ENSG00000141736"
"1228","ENSG00000148400","ENSG00000114315"
"1229","ENSG00000148400","ENSG00000197921"
"1230","ENSG00000148400","ENSG00000164683"
"1231","ENSG00000148400","ENSG00000135547"
"1232","ENSG00000148400","ENSG00000163909"
"1233","ENSG00000148400","ENSG00000037280"
"1234","ENSG00000134250","ENSG00000141736"
"1235","ENSG00000134250","ENSG00000114315"
"1236","ENSG00000134250","ENSG00000197921"
"1237","ENSG00000134250","ENSG00000164683"
"1238","ENSG00000134250","ENSG00000135547"
"1239","ENSG00000134250","ENSG00000163909"
"1240","ENSG00000134250","ENSG00000037280"
"1241","ENSG00000074181","ENSG00000141736"
"1242","ENSG00000074181","ENSG00000114315"
"1243","ENSG00000074181","ENSG00000197921"
"1244","ENSG00000074181","ENSG00000164683"
"1245","ENSG00000074181","ENSG00000135547"
"1246","ENSG00000074181","ENSG00000163909"
"1247","ENSG00000074181","ENSG00000037280"
"1248","ENSG00000204301","ENSG00000141736"
"1249","ENSG00000204301","ENSG00000114315"
"1250","ENSG00000204301","ENSG00000197921"
"1251","ENSG00000204301","ENSG00000164683"
"1252","ENSG00000204301","ENSG00000135547"
"1253","ENSG00000204301","ENSG00000163909"
"1254","ENSG00000204301","ENSG00000037280"
"1255","ENSG00000090932","ENSG00000148400"
"1256","ENSG00000090932","ENSG00000134250"
"1257","ENSG00000090932","ENSG00000074181"
"1258","ENSG00000090932","ENSG00000204301"
"1259","ENSG00000198719","ENSG00000148400"
"1260","ENSG00000198719","ENSG00000134250"
"1261","ENSG00000198719","ENSG00000074181"
"1262","ENSG00000198719","ENSG00000204301"
"1263","ENSG00000128917","ENSG00000148400"
"1264","ENSG00000128917","ENSG00000134250"
"1265","ENSG00000128917","ENSG00000074181"
"1266","ENSG00000128917","ENSG00000204301"
"1267","ENSG00000116044","ENSG00000100292"
"1268","ENSG00000116044","ENSG00000181019"
"1269","ENSG00000116044","ENSG00000065621"
"1270","ENSG00000116044","ENSG00000182793"
"1271","ENSG00000116044","ENSG00000243955"
"1272","ENSG00000116044","ENSG00000244067"
"1273","ENSG00000116044","ENSG00000174156"
"1274","ENSG00000116044","ENSG00000170899"
"1275","ENSG00000116044","ENSG00000134184"
"1276","ENSG00000116044","ENSG00000213366"
"1277","ENSG00000116044","ENSG00000134202"
"1278","ENSG00000116044","ENSG00000168765"
"1279","ENSG00000116044","ENSG00000134201"
"1280","ENSG00000116044","ENSG00000084207"
"1281","ENSG00000116044","ENSG00000277656"
"1282","ENSG00000116044","ENSG00000277897"
"1283","ENSG00000116044","ENSG00000008394"
"1284","ENSG00000116044","ENSG00000085871"
"1285","ENSG00000116044","ENSG00000143198"
"1286","ENSG00000116044","ENSG00000278695"
"1287","ENSG00000116044","ENSG00000148834"
"1288","ENSG00000116044","ENSG00000184470"
"1289","ENSG00000116044","ENSG00000197763"
"1290","ENSG00000116044","ENSG00000198431"
"1291","ENSG00000079999","ENSG00000116044"
"1292","ENSG00000030110","ENSG00000172115"
"1293","ENSG00000091831","ENSG00000110092"
"1294","ENSG00000091831","ENSG00000136997"
"1295","ENSG00000091831","ENSG00000112033"
"1296","ENSG00000140009","ENSG00000110092"
"1297","ENSG00000140009","ENSG00000136997"
"1298","ENSG00000140009","ENSG00000112033"
"1299","ENSG00000124151","ENSG00000110092"
"1300","ENSG00000124151","ENSG00000136997"
"1301","ENSG00000124151","ENSG00000112033"
"1302","ENSG00000084676","ENSG00000110092"
"1303","ENSG00000084676","ENSG00000136997"
"1304","ENSG00000084676","ENSG00000112033"
"1305","ENSG00000185591","ENSG00000110092"
"1306","ENSG00000185591","ENSG00000136997"
"1307","ENSG00000185591","ENSG00000112033"
"1308","ENSG00000070018","ENSG00000107404"
"1309","ENSG00000070018","ENSG00000004975"
"1310","ENSG00000070018","ENSG00000161202"
"1311","ENSG00000162337","ENSG00000107404"
"1312","ENSG00000162337","ENSG00000004975"
"1313","ENSG00000162337","ENSG00000161202"
"1314","ENSG00000165879","ENSG00000107404"
"1315","ENSG00000165879","ENSG00000004975"
"1316","ENSG00000165879","ENSG00000161202"
"1317","ENSG00000181274","ENSG00000107404"
"1318","ENSG00000181274","ENSG00000004975"
"1319","ENSG00000181274","ENSG00000161202"
"1320","ENSG00000171094","ENSG00000162434"
"1321","ENSG00000171094","ENSG00000096968"
"1322","ENSG00000171094","ENSG00000105639"
"1323","ENSG00000171094","ENSG00000121879"
"1324","ENSG00000171094","ENSG00000051382"
"1325","ENSG00000171094","ENSG00000171608"
"1326","ENSG00000171094","ENSG00000145675"
"1327","ENSG00000171094","ENSG00000105647"
"1328","ENSG00000171094","ENSG00000117461"
"1329","ENSG00000171094","ENSG00000174775"
"1330","ENSG00000171094","ENSG00000133703"
"1331","ENSG00000171094","ENSG00000213281"
"1332","ENSG00000171094","ENSG00000124181"
"1333","ENSG00000171094","ENSG00000197943"
"1334","ENSG00000143924","ENSG00000162434"
"1335","ENSG00000143924","ENSG00000096968"
"1336","ENSG00000143924","ENSG00000105639"
"1337","ENSG00000143924","ENSG00000121879"
"1338","ENSG00000143924","ENSG00000051382"
"1339","ENSG00000143924","ENSG00000171608"
"1340","ENSG00000143924","ENSG00000145675"
"1341","ENSG00000143924","ENSG00000105647"
"1342","ENSG00000143924","ENSG00000117461"
"1343","ENSG00000143924","ENSG00000174775"
"1344","ENSG00000143924","ENSG00000133703"
"1345","ENSG00000143924","ENSG00000213281"
"1346","ENSG00000143924","ENSG00000124181"
"1347","ENSG00000143924","ENSG00000197943"
"1348","ENSG00000100784","ENSG00000136997"
"1349","ENSG00000169885","ENSG00000070808"
"1350","ENSG00000169885","ENSG00000058404"
"1351","ENSG00000169885","ENSG00000145349"
"1352","ENSG00000169885","ENSG00000148660"
"1353","ENSG00000178372","ENSG00000070808"
"1354","ENSG00000178372","ENSG00000058404"
"1355","ENSG00000178372","ENSG00000145349"
"1356","ENSG00000178372","ENSG00000148660"
"1357","ENSG00000198668","ENSG00000070808"
"1358","ENSG00000198668","ENSG00000058404"
"1359","ENSG00000198668","ENSG00000145349"
"1360","ENSG00000198668","ENSG00000148660"
"1361","ENSG00000143933","ENSG00000070808"
"1362","ENSG00000143933","ENSG00000058404"
"1363","ENSG00000143933","ENSG00000145349"
"1364","ENSG00000143933","ENSG00000148660"
"1365","ENSG00000160014","ENSG00000070808"
"1366","ENSG00000160014","ENSG00000058404"
"1367","ENSG00000160014","ENSG00000145349"
"1368","ENSG00000160014","ENSG00000148660"
"1369","ENSG00000178363","ENSG00000070808"
"1370","ENSG00000178363","ENSG00000058404"
"1371","ENSG00000178363","ENSG00000145349"
"1372","ENSG00000178363","ENSG00000148660"
"1373","ENSG00000129007","ENSG00000070808"
"1374","ENSG00000129007","ENSG00000058404"
"1375","ENSG00000129007","ENSG00000145349"
"1376","ENSG00000129007","ENSG00000148660"
"1377","ENSG00000070808","ENSG00000174775"
"1378","ENSG00000070808","ENSG00000133703"
"1379","ENSG00000070808","ENSG00000213281"
"1380","ENSG00000058404","ENSG00000174775"
"1381","ENSG00000058404","ENSG00000133703"
"1382","ENSG00000058404","ENSG00000213281"
"1383","ENSG00000145349","ENSG00000174775"
"1384","ENSG00000145349","ENSG00000133703"
"1385","ENSG00000145349","ENSG00000213281"
"1386","ENSG00000148660","ENSG00000174775"
"1387","ENSG00000148660","ENSG00000133703"
"1388","ENSG00000148660","ENSG00000213281"
"1389","ENSG00000113558","ENSG00000111276"
"1390","ENSG00000055130","ENSG00000111276"
"1391","ENSG00000141682","ENSG00000171791"
"1392","ENSG00000105327","ENSG00000171791"
"1393","ENSG00000153094","ENSG00000171791"
"1394","ENSG00000130427","ENSG00000100368"
"1395","ENSG00000130427","ENSG00000162594"
"1396","ENSG00000130427","ENSG00000187266"
"1397","ENSG00000130427","ENSG00000142166"
"1398","ENSG00000130427","ENSG00000159110"
"1399","ENSG00000130427","ENSG00000027697"
"1400","ENSG00000130427","ENSG00000159128"
"1401","ENSG00000130427","ENSG00000134460"
"1402","ENSG00000130427","ENSG00000100385"
"1403","ENSG00000130427","ENSG00000147168"
"1404","ENSG00000130427","ENSG00000185291"
"1405","ENSG00000130427","ENSG00000077238"
"1406","ENSG00000130427","ENSG00000091181"
"1407","ENSG00000130427","ENSG00000160712"
"1408","ENSG00000130427","ENSG00000134352"
"1409","ENSG00000130427","ENSG00000168685"
"1410","ENSG00000130427","ENSG00000096996"
"1411","ENSG00000130427","ENSG00000081985"
"1412","ENSG00000130427","ENSG00000131724"
"1413","ENSG00000130427","ENSG00000134470"
"1414","ENSG00000197919","ENSG00000100368"
"1415","ENSG00000197919","ENSG00000162594"
"1416","ENSG00000197919","ENSG00000187266"
"1417","ENSG00000197919","ENSG00000142166"
"1418","ENSG00000197919","ENSG00000159110"
"1419","ENSG00000197919","ENSG00000027697"
"1420","ENSG00000197919","ENSG00000159128"
"1421","ENSG00000197919","ENSG00000134460"
"1422","ENSG00000197919","ENSG00000100385"
"1423","ENSG00000197919","ENSG00000147168"
"1424","ENSG00000197919","ENSG00000185291"
"1425","ENSG00000197919","ENSG00000077238"
"1426","ENSG00000197919","ENSG00000091181"
"1427","ENSG00000197919","ENSG00000160712"
"1428","ENSG00000197919","ENSG00000134352"
"1429","ENSG00000197919","ENSG00000168685"
"1430","ENSG00000197919","ENSG00000096996"
"1431","ENSG00000197919","ENSG00000081985"
"1432","ENSG00000197919","ENSG00000131724"
"1433","ENSG00000197919","ENSG00000134470"
"1434","ENSG00000188379","ENSG00000100368"
"1435","ENSG00000188379","ENSG00000162594"
"1436","ENSG00000188379","ENSG00000187266"
"1437","ENSG00000188379","ENSG00000142166"
"1438","ENSG00000188379","ENSG00000159110"
"1439","ENSG00000188379","ENSG00000027697"
"1440","ENSG00000188379","ENSG00000159128"
"1441","ENSG00000188379","ENSG00000134460"
"1442","ENSG00000188379","ENSG00000100385"
"1443","ENSG00000188379","ENSG00000147168"
"1444","ENSG00000188379","ENSG00000185291"
"1445","ENSG00000188379","ENSG00000077238"
"1446","ENSG00000188379","ENSG00000091181"
"1447","ENSG00000188379","ENSG00000160712"
"1448","ENSG00000188379","ENSG00000134352"
"1449","ENSG00000188379","ENSG00000168685"
"1450","ENSG00000188379","ENSG00000096996"
"1451","ENSG00000188379","ENSG00000081985"
"1452","ENSG00000188379","ENSG00000131724"
"1453","ENSG00000188379","ENSG00000134470"
"1454","ENSG00000236637","ENSG00000100368"
"1455","ENSG00000236637","ENSG00000162594"
"1456","ENSG00000236637","ENSG00000187266"
"1457","ENSG00000236637","ENSG00000142166"
"1458","ENSG00000236637","ENSG00000159110"
"1459","ENSG00000236637","ENSG00000027697"
"1460","ENSG00000236637","ENSG00000159128"
"1461","ENSG00000236637","ENSG00000134460"
"1462","ENSG00000236637","ENSG00000100385"
"1463","ENSG00000236637","ENSG00000147168"
"1464","ENSG00000236637","ENSG00000185291"
"1465","ENSG00000236637","ENSG00000077238"
"1466","ENSG00000236637","ENSG00000091181"
"1467","ENSG00000236637","ENSG00000160712"
"1468","ENSG00000236637","ENSG00000134352"
"1469","ENSG00000236637","ENSG00000168685"
"1470","ENSG00000236637","ENSG00000096996"
"1471","ENSG00000236637","ENSG00000081985"
"1472","ENSG00000236637","ENSG00000131724"
"1473","ENSG00000236637","ENSG00000134470"
"1474","ENSG00000147873","ENSG00000100368"
"1475","ENSG00000147873","ENSG00000162594"
"1476","ENSG00000147873","ENSG00000187266"
"1477","ENSG00000147873","ENSG00000142166"
"1478","ENSG00000147873","ENSG00000159110"
"1479","ENSG00000147873","ENSG00000027697"
"1480","ENSG00000147873","ENSG00000159128"
"1481","ENSG00000147873","ENSG00000134460"
"1482","ENSG00000147873","ENSG00000100385"
"1483","ENSG00000147873","ENSG00000147168"
"1484","ENSG00000147873","ENSG00000185291"
"1485","ENSG00000147873","ENSG00000077238"
"1486","ENSG00000147873","ENSG00000091181"
"1487","ENSG00000147873","ENSG00000160712"
"1488","ENSG00000147873","ENSG00000134352"
"1489","ENSG00000147873","ENSG00000168685"
"1490","ENSG00000147873","ENSG00000096996"
"1491","ENSG00000147873","ENSG00000081985"
"1492","ENSG00000147873","ENSG00000131724"
"1493","ENSG00000147873","ENSG00000134470"
"1494","ENSG00000120235","ENSG00000100368"
"1495","ENSG00000120235","ENSG00000162594"
"1496","ENSG00000120235","ENSG00000187266"
"1497","ENSG00000120235","ENSG00000142166"
"1498","ENSG00000120235","ENSG00000159110"
"1499","ENSG00000120235","ENSG00000027697"
"1500","ENSG00000120235","ENSG00000159128"
"1501","ENSG00000120235","ENSG00000134460"
"1502","ENSG00000120235","ENSG00000100385"
"1503","ENSG00000120235","ENSG00000147168"
"1504","ENSG00000120235","ENSG00000185291"
"1505","ENSG00000120235","ENSG00000077238"
"1506","ENSG00000120235","ENSG00000091181"
"1507","ENSG00000120235","ENSG00000160712"
"1508","ENSG00000120235","ENSG00000134352"
"1509","ENSG00000120235","ENSG00000168685"
"1510","ENSG00000120235","ENSG00000096996"
"1511","ENSG00000120235","ENSG00000081985"
"1512","ENSG00000120235","ENSG00000131724"
"1513","ENSG00000120235","ENSG00000134470"
"1514","ENSG00000214042","ENSG00000100368"
"1515","ENSG00000214042","ENSG00000162594"
"1516","ENSG00000214042","ENSG00000187266"
"1517","ENSG00000214042","ENSG00000142166"
"1518","ENSG00000214042","ENSG00000159110"
"1519","ENSG00000214042","ENSG00000027697"
"1520","ENSG00000214042","ENSG00000159128"
"1521","ENSG00000214042","ENSG00000134460"
"1522","ENSG00000214042","ENSG00000100385"
"1523","ENSG00000214042","ENSG00000147168"
"1524","ENSG00000214042","ENSG00000185291"
"1525","ENSG00000214042","ENSG00000077238"
"1526","ENSG00000214042","ENSG00000091181"
"1527","ENSG00000214042","ENSG00000160712"
"1528","ENSG00000214042","ENSG00000134352"
"1529","ENSG00000214042","ENSG00000168685"
"1530","ENSG00000214042","ENSG00000096996"
"1531","ENSG00000214042","ENSG00000081985"
"1532","ENSG00000214042","ENSG00000131724"
"1533","ENSG00000214042","ENSG00000134470"
"1534","ENSG00000120242","ENSG00000100368"
"1535","ENSG00000120242","ENSG00000162594"
"1536","ENSG00000120242","ENSG00000187266"
"1537","ENSG00000120242","ENSG00000142166"
"1538","ENSG00000120242","ENSG00000159110"
"1539","ENSG00000120242","ENSG00000027697"
"1540","ENSG00000120242","ENSG00000159128"
"1541","ENSG00000120242","ENSG00000134460"
"1542","ENSG00000120242","ENSG00000100385"
"1543","ENSG00000120242","ENSG00000147168"
"1544","ENSG00000120242","ENSG00000185291"
"1545","ENSG00000120242","ENSG00000077238"
"1546","ENSG00000120242","ENSG00000091181"
"1547","ENSG00000120242","ENSG00000160712"
"1548","ENSG00000120242","ENSG00000134352"
"1549","ENSG00000120242","ENSG00000168685"
"1550","ENSG00000120242","ENSG00000096996"
"1551","ENSG00000120242","ENSG00000081985"
"1552","ENSG00000120242","ENSG00000131724"
"1553","ENSG00000120242","ENSG00000134470"
"1554","ENSG00000186803","ENSG00000100368"
"1555","ENSG00000186803","ENSG00000162594"
"1556","ENSG00000186803","ENSG00000187266"
"1557","ENSG00000186803","ENSG00000142166"
"1558","ENSG00000186803","ENSG00000159110"
"1559","ENSG00000186803","ENSG00000027697"
"1560","ENSG00000186803","ENSG00000159128"
"1561","ENSG00000186803","ENSG00000134460"
"1562","ENSG00000186803","ENSG00000100385"
"1563","ENSG00000186803","ENSG00000147168"
"1564","ENSG00000186803","ENSG00000185291"
"1565","ENSG00000186803","ENSG00000077238"
"1566","ENSG00000186803","ENSG00000091181"
"1567","ENSG00000186803","ENSG00000160712"
"1568","ENSG00000186803","ENSG00000134352"
"1569","ENSG00000186803","ENSG00000168685"
"1570","ENSG00000186803","ENSG00000096996"
"1571","ENSG00000186803","ENSG00000081985"
"1572","ENSG00000186803","ENSG00000131724"
"1573","ENSG00000186803","ENSG00000134470"
"1574","ENSG00000233816","ENSG00000100368"
"1575","ENSG00000233816","ENSG00000162594"
"1576","ENSG00000233816","ENSG00000187266"
"1577","ENSG00000233816","ENSG00000142166"
"1578","ENSG00000233816","ENSG00000159110"
"1579","ENSG00000233816","ENSG00000027697"
"1580","ENSG00000233816","ENSG00000159128"
"1581","ENSG00000233816","ENSG00000134460"
"1582","ENSG00000233816","ENSG00000100385"
"1583","ENSG00000233816","ENSG00000147168"
"1584","ENSG00000233816","ENSG00000185291"
"1585","ENSG00000233816","ENSG00000077238"
"1586","ENSG00000233816","ENSG00000091181"
"1587","ENSG00000233816","ENSG00000160712"
"1588","ENSG00000233816","ENSG00000134352"
"1589","ENSG00000233816","ENSG00000168685"
"1590","ENSG00000233816","ENSG00000096996"
"1591","ENSG00000233816","ENSG00000081985"
"1592","ENSG00000233816","ENSG00000131724"
"1593","ENSG00000233816","ENSG00000134470"
"1594","ENSG00000228083","ENSG00000100368"
"1595","ENSG00000228083","ENSG00000162594"
"1596","ENSG00000228083","ENSG00000187266"
"1597","ENSG00000228083","ENSG00000142166"
"1598","ENSG00000228083","ENSG00000159110"
"1599","ENSG00000228083","ENSG00000027697"
"1600","ENSG00000228083","ENSG00000159128"
"1601","ENSG00000228083","ENSG00000134460"
"1602","ENSG00000228083","ENSG00000100385"
"1603","ENSG00000228083","ENSG00000147168"
"1604","ENSG00000228083","ENSG00000185291"
"1605","ENSG00000228083","ENSG00000077238"
"1606","ENSG00000228083","ENSG00000091181"
"1607","ENSG00000228083","ENSG00000160712"
"1608","ENSG00000228083","ENSG00000134352"
"1609","ENSG00000228083","ENSG00000168685"
"1610","ENSG00000228083","ENSG00000096996"
"1611","ENSG00000228083","ENSG00000081985"
"1612","ENSG00000228083","ENSG00000131724"
"1613","ENSG00000228083","ENSG00000134470"
"1614","ENSG00000147885","ENSG00000100368"
"1615","ENSG00000147885","ENSG00000162594"
"1616","ENSG00000147885","ENSG00000187266"
"1617","ENSG00000147885","ENSG00000142166"
"1618","ENSG00000147885","ENSG00000159110"
"1619","ENSG00000147885","ENSG00000027697"
"1620","ENSG00000147885","ENSG00000159128"
"1621","ENSG00000147885","ENSG00000134460"
"1622","ENSG00000147885","ENSG00000100385"
"1623","ENSG00000147885","ENSG00000147168"
"1624","ENSG00000147885","ENSG00000185291"
"1625","ENSG00000147885","ENSG00000077238"
"1626","ENSG00000147885","ENSG00000091181"
"1627","ENSG00000147885","ENSG00000160712"
"1628","ENSG00000147885","ENSG00000134352"
"1629","ENSG00000147885","ENSG00000168685"
"1630","ENSG00000147885","ENSG00000096996"
"1631","ENSG00000147885","ENSG00000081985"
"1632","ENSG00000147885","ENSG00000131724"
"1633","ENSG00000147885","ENSG00000134470"
"1634","ENSG00000234829","ENSG00000100368"
"1635","ENSG00000234829","ENSG00000162594"
"1636","ENSG00000234829","ENSG00000187266"
"1637","ENSG00000234829","ENSG00000142166"
"1638","ENSG00000234829","ENSG00000159110"
"1639","ENSG00000234829","ENSG00000027697"
"1640","ENSG00000234829","ENSG00000159128"
"1641","ENSG00000234829","ENSG00000134460"
"1642","ENSG00000234829","ENSG00000100385"
"1643","ENSG00000234829","ENSG00000147168"
"1644","ENSG00000234829","ENSG00000185291"
"1645","ENSG00000234829","ENSG00000077238"
"1646","ENSG00000234829","ENSG00000091181"
"1647","ENSG00000234829","ENSG00000160712"
"1648","ENSG00000234829","ENSG00000134352"
"1649","ENSG00000234829","ENSG00000168685"
"1650","ENSG00000234829","ENSG00000096996"
"1651","ENSG00000234829","ENSG00000081985"
"1652","ENSG00000234829","ENSG00000131724"
"1653","ENSG00000234829","ENSG00000134470"
"1654","ENSG00000137080","ENSG00000100368"
"1655","ENSG00000137080","ENSG00000162594"
"1656","ENSG00000137080","ENSG00000187266"
"1657","ENSG00000137080","ENSG00000142166"
"1658","ENSG00000137080","ENSG00000159110"
"1659","ENSG00000137080","ENSG00000027697"
"1660","ENSG00000137080","ENSG00000159128"
"1661","ENSG00000137080","ENSG00000134460"
"1662","ENSG00000137080","ENSG00000100385"
"1663","ENSG00000137080","ENSG00000147168"
"1664","ENSG00000137080","ENSG00000185291"
"1665","ENSG00000137080","ENSG00000077238"
"1666","ENSG00000137080","ENSG00000091181"
"1667","ENSG00000137080","ENSG00000160712"
"1668","ENSG00000137080","ENSG00000134352"
"1669","ENSG00000137080","ENSG00000168685"
"1670","ENSG00000137080","ENSG00000096996"
"1671","ENSG00000137080","ENSG00000081985"
"1672","ENSG00000137080","ENSG00000131724"
"1673","ENSG00000137080","ENSG00000134470"
"1674","ENSG00000111537","ENSG00000100368"
"1675","ENSG00000111537","ENSG00000162594"
"1676","ENSG00000111537","ENSG00000187266"
"1677","ENSG00000111537","ENSG00000142166"
"1678","ENSG00000111537","ENSG00000159110"
"1679","ENSG00000111537","ENSG00000027697"
"1680","ENSG00000111537","ENSG00000159128"
"1681","ENSG00000111537","ENSG00000134460"
"1682","ENSG00000111537","ENSG00000100385"
"1683","ENSG00000111537","ENSG00000147168"
"1684","ENSG00000111537","ENSG00000185291"
"1685","ENSG00000111537","ENSG00000077238"
"1686","ENSG00000111537","ENSG00000091181"
"1687","ENSG00000111537","ENSG00000160712"
"1688","ENSG00000111537","ENSG00000134352"
"1689","ENSG00000111537","ENSG00000168685"
"1690","ENSG00000111537","ENSG00000096996"
"1691","ENSG00000111537","ENSG00000081985"
"1692","ENSG00000111537","ENSG00000131724"
"1693","ENSG00000111537","ENSG00000134470"
"1694","ENSG00000109471","ENSG00000100368"
"1695","ENSG00000109471","ENSG00000162594"
"1696","ENSG00000109471","ENSG00000187266"
"1697","ENSG00000109471","ENSG00000142166"
"1698","ENSG00000109471","ENSG00000159110"
"1699","ENSG00000109471","ENSG00000027697"
"1700","ENSG00000109471","ENSG00000159128"
"1701","ENSG00000109471","ENSG00000134460"
"1702","ENSG00000109471","ENSG00000100385"
"1703","ENSG00000109471","ENSG00000147168"
"1704","ENSG00000109471","ENSG00000185291"
"1705","ENSG00000109471","ENSG00000077238"
"1706","ENSG00000109471","ENSG00000091181"
"1707","ENSG00000109471","ENSG00000160712"
"1708","ENSG00000109471","ENSG00000134352"
"1709","ENSG00000109471","ENSG00000168685"
"1710","ENSG00000109471","ENSG00000096996"
"1711","ENSG00000109471","ENSG00000081985"
"1712","ENSG00000109471","ENSG00000131724"
"1713","ENSG00000109471","ENSG00000134470"
"1714","ENSG00000164399","ENSG00000100368"
"1715","ENSG00000164399","ENSG00000162594"
"1716","ENSG00000164399","ENSG00000187266"
"1717","ENSG00000164399","ENSG00000142166"
"1718","ENSG00000164399","ENSG00000159110"
"1719","ENSG00000164399","ENSG00000027697"
"1720","ENSG00000164399","ENSG00000159128"
"1721","ENSG00000164399","ENSG00000134460"
"1722","ENSG00000164399","ENSG00000100385"
"1723","ENSG00000164399","ENSG00000147168"
"1724","ENSG00000164399","ENSG00000185291"
"1725","ENSG00000164399","ENSG00000077238"
"1726","ENSG00000164399","ENSG00000091181"
"1727","ENSG00000164399","ENSG00000160712"
"1728","ENSG00000164399","ENSG00000134352"
"1729","ENSG00000164399","ENSG00000168685"
"1730","ENSG00000164399","ENSG00000096996"
"1731","ENSG00000164399","ENSG00000081985"
"1732","ENSG00000164399","ENSG00000131724"
"1733","ENSG00000164399","ENSG00000134470"
"1734","ENSG00000113520","ENSG00000100368"
"1735","ENSG00000113520","ENSG00000162594"
"1736","ENSG00000113520","ENSG00000187266"
"1737","ENSG00000113520","ENSG00000142166"
"1738","ENSG00000113520","ENSG00000159110"
"1739","ENSG00000113520","ENSG00000027697"
"1740","ENSG00000113520","ENSG00000159128"
"1741","ENSG00000113520","ENSG00000134460"
"1742","ENSG00000113520","ENSG00000100385"
"1743","ENSG00000113520","ENSG00000147168"
"1744","ENSG00000113520","ENSG00000185291"
"1745","ENSG00000113520","ENSG00000077238"
"1746","ENSG00000113520","ENSG00000091181"
"1747","ENSG00000113520","ENSG00000160712"
"1748","ENSG00000113520","ENSG00000134352"
"1749","ENSG00000113520","ENSG00000168685"
"1750","ENSG00000113520","ENSG00000096996"
"1751","ENSG00000113520","ENSG00000081985"
"1752","ENSG00000113520","ENSG00000131724"
"1753","ENSG00000113520","ENSG00000134470"
"1754","ENSG00000113525","ENSG00000100368"
"1755","ENSG00000113525","ENSG00000162594"
"1756","ENSG00000113525","ENSG00000187266"
"1757","ENSG00000113525","ENSG00000142166"
"1758","ENSG00000113525","ENSG00000159110"
"1759","ENSG00000113525","ENSG00000027697"
"1760","ENSG00000113525","ENSG00000159128"
"1761","ENSG00000113525","ENSG00000134460"
"1762","ENSG00000113525","ENSG00000100385"
"1763","ENSG00000113525","ENSG00000147168"
"1764","ENSG00000113525","ENSG00000185291"
"1765","ENSG00000113525","ENSG00000077238"
"1766","ENSG00000113525","ENSG00000091181"
"1767","ENSG00000113525","ENSG00000160712"
"1768","ENSG00000113525","ENSG00000134352"
"1769","ENSG00000113525","ENSG00000168685"
"1770","ENSG00000113525","ENSG00000096996"
"1771","ENSG00000113525","ENSG00000081985"
"1772","ENSG00000113525","ENSG00000131724"
"1773","ENSG00000113525","ENSG00000134470"
"1774","ENSG00000104432","ENSG00000100368"
"1775","ENSG00000104432","ENSG00000162594"
"1776","ENSG00000104432","ENSG00000187266"
"1777","ENSG00000104432","ENSG00000142166"
"1778","ENSG00000104432","ENSG00000159110"
"1779","ENSG00000104432","ENSG00000027697"
"1780","ENSG00000104432","ENSG00000159128"
"1781","ENSG00000104432","ENSG00000134460"
"1782","ENSG00000104432","ENSG00000100385"
"1783","ENSG00000104432","ENSG00000147168"
"1784","ENSG00000104432","ENSG00000185291"
"1785","ENSG00000104432","ENSG00000077238"
"1786","ENSG00000104432","ENSG00000091181"
"1787","ENSG00000104432","ENSG00000160712"
"1788","ENSG00000104432","ENSG00000134352"
"1789","ENSG00000104432","ENSG00000168685"
"1790","ENSG00000104432","ENSG00000096996"
"1791","ENSG00000104432","ENSG00000081985"
"1792","ENSG00000104432","ENSG00000131724"
"1793","ENSG00000104432","ENSG00000134470"
"1794","ENSG00000168811","ENSG00000100368"
"1795","ENSG00000168811","ENSG00000162594"
"1796","ENSG00000168811","ENSG00000187266"
"1797","ENSG00000168811","ENSG00000142166"
"1798","ENSG00000168811","ENSG00000159110"
"1799","ENSG00000168811","ENSG00000027697"
"1800","ENSG00000168811","ENSG00000159128"
"1801","ENSG00000168811","ENSG00000134460"
"1802","ENSG00000168811","ENSG00000100385"
"1803","ENSG00000168811","ENSG00000147168"
"1804","ENSG00000168811","ENSG00000185291"
"1805","ENSG00000168811","ENSG00000077238"
"1806","ENSG00000168811","ENSG00000091181"
"1807","ENSG00000168811","ENSG00000160712"
"1808","ENSG00000168811","ENSG00000134352"
"1809","ENSG00000168811","ENSG00000168685"
"1810","ENSG00000168811","ENSG00000096996"
"1811","ENSG00000168811","ENSG00000081985"
"1812","ENSG00000168811","ENSG00000131724"
"1813","ENSG00000168811","ENSG00000134470"
"1814","ENSG00000113302","ENSG00000100368"
"1815","ENSG00000113302","ENSG00000162594"
"1816","ENSG00000113302","ENSG00000187266"
"1817","ENSG00000113302","ENSG00000142166"
"1818","ENSG00000113302","ENSG00000159110"
"1819","ENSG00000113302","ENSG00000027697"
"1820","ENSG00000113302","ENSG00000159128"
"1821","ENSG00000113302","ENSG00000134460"
"1822","ENSG00000113302","ENSG00000100385"
"1823","ENSG00000113302","ENSG00000147168"
"1824","ENSG00000113302","ENSG00000185291"
"1825","ENSG00000113302","ENSG00000077238"
"1826","ENSG00000113302","ENSG00000091181"
"1827","ENSG00000113302","ENSG00000160712"
"1828","ENSG00000113302","ENSG00000134352"
"1829","ENSG00000113302","ENSG00000168685"
"1830","ENSG00000113302","ENSG00000096996"
"1831","ENSG00000113302","ENSG00000081985"
"1832","ENSG00000113302","ENSG00000131724"
"1833","ENSG00000113302","ENSG00000134470"
"1834","ENSG00000169194","ENSG00000100368"
"1835","ENSG00000169194","ENSG00000162594"
"1836","ENSG00000169194","ENSG00000187266"
"1837","ENSG00000169194","ENSG00000142166"
"1838","ENSG00000169194","ENSG00000159110"
"1839","ENSG00000169194","ENSG00000027697"
"1840","ENSG00000169194","ENSG00000159128"
"1841","ENSG00000169194","ENSG00000134460"
"1842","ENSG00000169194","ENSG00000100385"
"1843","ENSG00000169194","ENSG00000147168"
"1844","ENSG00000169194","ENSG00000185291"
"1845","ENSG00000169194","ENSG00000077238"
"1846","ENSG00000169194","ENSG00000091181"
"1847","ENSG00000169194","ENSG00000160712"
"1848","ENSG00000169194","ENSG00000134352"
"1849","ENSG00000169194","ENSG00000168685"
"1850","ENSG00000169194","ENSG00000096996"
"1851","ENSG00000169194","ENSG00000081985"
"1852","ENSG00000169194","ENSG00000131724"
"1853","ENSG00000169194","ENSG00000134470"
"1854","ENSG00000164136","ENSG00000100368"
"1855","ENSG00000164136","ENSG00000162594"
"1856","ENSG00000164136","ENSG00000187266"
"1857","ENSG00000164136","ENSG00000142166"
"1858","ENSG00000164136","ENSG00000159110"
"1859","ENSG00000164136","ENSG00000027697"
"1860","ENSG00000164136","ENSG00000159128"
"1861","ENSG00000164136","ENSG00000134460"
"1862","ENSG00000164136","ENSG00000100385"
"1863","ENSG00000164136","ENSG00000147168"
"1864","ENSG00000164136","ENSG00000185291"
"1865","ENSG00000164136","ENSG00000077238"
"1866","ENSG00000164136","ENSG00000091181"
"1867","ENSG00000164136","ENSG00000160712"
"1868","ENSG00000164136","ENSG00000134352"
"1869","ENSG00000164136","ENSG00000168685"
"1870","ENSG00000164136","ENSG00000096996"
"1871","ENSG00000164136","ENSG00000081985"
"1872","ENSG00000164136","ENSG00000131724"
"1873","ENSG00000164136","ENSG00000134470"
"1874","ENSG00000110944","ENSG00000100368"
"1875","ENSG00000110944","ENSG00000162594"
"1876","ENSG00000110944","ENSG00000187266"
"1877","ENSG00000110944","ENSG00000142166"
"1878","ENSG00000110944","ENSG00000159110"
"1879","ENSG00000110944","ENSG00000027697"
"1880","ENSG00000110944","ENSG00000159128"
"1881","ENSG00000110944","ENSG00000134460"
"1882","ENSG00000110944","ENSG00000100385"
"1883","ENSG00000110944","ENSG00000147168"
"1884","ENSG00000110944","ENSG00000185291"
"1885","ENSG00000110944","ENSG00000077238"
"1886","ENSG00000110944","ENSG00000091181"
"1887","ENSG00000110944","ENSG00000160712"
"1888","ENSG00000110944","ENSG00000134352"
"1889","ENSG00000110944","ENSG00000168685"
"1890","ENSG00000110944","ENSG00000096996"
"1891","ENSG00000110944","ENSG00000081985"
"1892","ENSG00000110944","ENSG00000131724"
"1893","ENSG00000110944","ENSG00000134470"
"1894","ENSG00000100368","ENSG00000162434"
"1895","ENSG00000100368","ENSG00000096968"
"1896","ENSG00000100368","ENSG00000105639"
"1897","ENSG00000162594","ENSG00000162434"
"1898","ENSG00000162594","ENSG00000096968"
"1899","ENSG00000162594","ENSG00000105639"
"1900","ENSG00000187266","ENSG00000162434"
"1901","ENSG00000187266","ENSG00000096968"
"1902","ENSG00000187266","ENSG00000105639"
"1903","ENSG00000142166","ENSG00000162434"
"1904","ENSG00000142166","ENSG00000096968"
"1905","ENSG00000142166","ENSG00000105639"
"1906","ENSG00000159110","ENSG00000162434"
"1907","ENSG00000159110","ENSG00000096968"
"1908","ENSG00000159110","ENSG00000105639"
"1909","ENSG00000027697","ENSG00000162434"
"1910","ENSG00000027697","ENSG00000096968"
"1911","ENSG00000027697","ENSG00000105639"
"1912","ENSG00000159128","ENSG00000162434"
"1913","ENSG00000159128","ENSG00000096968"
"1914","ENSG00000159128","ENSG00000105639"
"1915","ENSG00000134460","ENSG00000162434"
"1916","ENSG00000134460","ENSG00000096968"
"1917","ENSG00000134460","ENSG00000105639"
"1918","ENSG00000100385","ENSG00000162434"
"1919","ENSG00000100385","ENSG00000096968"
"1920","ENSG00000100385","ENSG00000105639"
"1921","ENSG00000147168","ENSG00000162434"
"1922","ENSG00000147168","ENSG00000096968"
"1923","ENSG00000147168","ENSG00000105639"
"1924","ENSG00000185291","ENSG00000162434"
"1925","ENSG00000185291","ENSG00000096968"
"1926","ENSG00000185291","ENSG00000105639"
"1927","ENSG00000077238","ENSG00000162434"
"1928","ENSG00000077238","ENSG00000096968"
"1929","ENSG00000077238","ENSG00000105639"
"1930","ENSG00000091181","ENSG00000162434"
"1931","ENSG00000091181","ENSG00000096968"
"1932","ENSG00000091181","ENSG00000105639"
"1933","ENSG00000160712","ENSG00000162434"
"1934","ENSG00000160712","ENSG00000096968"
"1935","ENSG00000160712","ENSG00000105639"
"1936","ENSG00000134352","ENSG00000162434"
"1937","ENSG00000134352","ENSG00000096968"
"1938","ENSG00000134352","ENSG00000105639"
"1939","ENSG00000168685","ENSG00000162434"
"1940","ENSG00000168685","ENSG00000096968"
"1941","ENSG00000168685","ENSG00000105639"
"1942","ENSG00000096996","ENSG00000162434"
"1943","ENSG00000096996","ENSG00000096968"
"1944","ENSG00000096996","ENSG00000105639"
"1945","ENSG00000081985","ENSG00000162434"
"1946","ENSG00000081985","ENSG00000096968"
"1947","ENSG00000081985","ENSG00000105639"
"1948","ENSG00000131724","ENSG00000162434"
"1949","ENSG00000131724","ENSG00000096968"
"1950","ENSG00000131724","ENSG00000105639"
"1951","ENSG00000134470","ENSG00000162434"
"1952","ENSG00000134470","ENSG00000096968"
"1953","ENSG00000134470","ENSG00000105639"
"1954","ENSG00000180210","ENSG00000151617"
"1955","ENSG00000180210","ENSG00000136160"
"1956","ENSG00000180210","ENSG00000100739"
"1957","ENSG00000180210","ENSG00000168398"
"1958","ENSG00000180210","ENSG00000139679"
"1959","ENSG00000180210","ENSG00000144891"
"1960","ENSG00000180210","ENSG00000198121"
"1961","ENSG00000180210","ENSG00000181104"
"1962","ENSG00000180210","ENSG00000171517"
"1963","ENSG00000180210","ENSG00000147145"
"1964","ENSG00000180210","ENSG00000184574"
"1965","ENSG00000180210","ENSG00000127533"
"1966","ENSG00000180210","ENSG00000064547"
"1967","ENSG00000180210","ENSG00000121966"
"1968","ENSG00000113889","ENSG00000151617"
"1969","ENSG00000113889","ENSG00000136160"
"1970","ENSG00000113889","ENSG00000100739"
"1971","ENSG00000113889","ENSG00000168398"
"1972","ENSG00000078401","ENSG00000151617"
"1973","ENSG00000078401","ENSG00000136160"
"1974","ENSG00000078401","ENSG00000100739"
"1975","ENSG00000078401","ENSG00000168398"
"1976","ENSG00000135744","ENSG00000151617"
"1977","ENSG00000135744","ENSG00000136160"
"1978","ENSG00000135744","ENSG00000100739"
"1979","ENSG00000135744","ENSG00000168398"
"1980","ENSG00000135744","ENSG00000139679"
"1981","ENSG00000135744","ENSG00000144891"
"1982","ENSG00000135744","ENSG00000198121"
"1983","ENSG00000135744","ENSG00000181104"
"1984","ENSG00000135744","ENSG00000171517"
"1985","ENSG00000135744","ENSG00000147145"
"1986","ENSG00000135744","ENSG00000184574"
"1987","ENSG00000135744","ENSG00000127533"
"1988","ENSG00000135744","ENSG00000064547"
"1989","ENSG00000135744","ENSG00000121966"
