,lncRNA,num_up_regulated,num_down_regulated,Normal_mean,BLCA_mean,BRCA_mean,COAD_mean,ESCA_mean,HNSC_mean,KIRC_mean,KIRP_mean,LIHC_mean,LUAD_mean,LUSC_mean,PRAD_mean,THCA_mean,UCEC_mean,Normal_std,BLCA_std,BRCA_std,COAD_std,ESCA_std,HNSC_std,KIRC_std,KIRP_std,LIHC_std,LUAD_std,LUSC_std,PRAD_std,THCA_std,UCEC_std,fraction_up_regulated,prolifer,invasi,migrat,growth,methylat,metasta,apoptosis,cell cycle arrest,cell cycle,EMT,immun,cell cycle progression,oncogen,tumor suppress,growth arrest,metaboli,autophag,angiogenesis,prognosis
0,FENDRR,0,17,0.15032651274377815,0.23361427934785595,0.12517414504964092,0.4979284222104386,0.3451822853702088,0.3117195434524451,0.09362747110223826,0.08109697961686438,0.16163736677869672,0.31120654117544816,0.3000181948136869,0.20537818286736306,0.16453408608890782,0.2922699241291333,0.0,0.0,0.0,0.0,0.0,0.0,0.0,0.0,0.0,0.0,0.0,0.0,0.0,0.0,0.0,5,6,6,4,1,2,5,0,0,0,1,0,1,0,1,0,0,0,1
1,MIR155HG,5,2,0.01883738389621599,0.03277437254888416,0.05317696014199326,0.022942957391001384,0.023924061164705385,0.021853697144822267,0.018236774316783548,0.02333047874172566,0.18552455541901,0.04948636755894678,0.025386711930708145,0.061085414474930634,0.01822370554546652,0.023570755834226777,0.0,0.0,0.0,0.0,0.0,0.0,0.0,0.0,0.0,0.0,0.0,0.0,0.0,0.0,0.7142857142857143,3,3,3,1,1,1,3,0,0,1,0,0,0,1,0,0,0,0,0
2,HOXA10-AS,3,0,0.08353097311983591,0.16841073373867463,0.2156377561018908,0.045963867606078,0.06142822785608381,0.05632022078259845,0.055679461584584,0.03389163291460649,0.24758598911900057,0.3395665153684434,0.21927553303518452,0.04403779744163941,0.1090323284174772,0.05935861436853733,0.020613407824159644,0.0013429015735181293,0.011583537067455754,0.002994561774205408,0.007058426144864259,0.005888230797188972,0.011641809931841864,0.008223458904155446,0.033499166996694,0.009959718684381086,0.008615353550721822,0.010488551515735554,0.023353941637793606,0.005497630372601814,1.0,2,0,0,2,0,1,2,0,0,1,0,0,1,0,0,0,0,0,0
3,LINC01096,1,0,0.10035477361384998,0.08607933921506886,0.1410139614931393,0.11056804990208106,0.10828620224365014,0.08849806911941939,0.11565969452727165,0.10624893070275412,0.11006045537684994,0.15901915302810002,0.08103175550693688,0.09359560338878674,0.09626929126203132,0.08007906233622268,0.0,0.0,0.0,0.0,0.0,0.0,0.0,0.0,0.0,0.0,0.0,0.0,0.0,0.0,1.0,0,0,0,0,0,0,0,0,0,0,0,0,0,0,0,0,0,0,0
4,ZNF750,0,4,0.8727493984167399,0.5757801524893741,0.622618784339087,0.7643223136507267,0.8062611991966065,0.7935885976490701,0.9454982282068757,0.941596772844826,0.8548753704367623,0.7255269494272261,0.6905250439174315,0.6118420525960204,0.7752475781825935,0.7558577741987635,0.0721084574391777,0.2387405917225334,0.22261186690924922,0.26529254710728645,0.09896667855765083,0.10356336835158908,0.023201690638376078,0.026966196165150717,0.13603922379496194,0.15435184359169846,0.16167907952275842,0.2971190684713211,0.24398911056480063,0.18289446209232432,0.0,0,0,4,0,0,0,0,0,0,0,0,0,0,0,0,0,0,0,0
5,HOXA13,3,0,0.20430396121226524,0.15572281098435103,0.332621658495658,0.12041677478027772,0.23785266288806528,0.3215007332371294,0.21446950250691624,0.24786758505573414,0.25768763252785043,0.32415497316556846,0.3108680079375363,0.06765136008907562,0.21133479418874254,0.24183795484671333,0.14180759817588426,0.11821254747836786,0.22801231994388432,0.06537871526203601,0.18887133770449166,0.26297625938660263,0.1608051860023192,0.1949758679095838,0.1250165705466387,0.1739510193055809,0.2597872925761331,0.026222348091071133,0.16582661290507011,0.2065908164390499,1.0,0,0,1,0,0,0,0,0,0,0,0,0,0,0,0,0,0,0,0
6,LINC00261,2,15,0.38777643807691864,0.26892975551290677,0.2954920154934395,0.445193832687392,0.38773097823913466,0.3725048117094231,0.3539371661904674,0.35703230818736964,0.4224342447157622,0.3885130056769073,0.32014464256695957,0.40585122474440255,0.4610501928568265,0.4352601583663015,0.36216195758488934,0.1221946604510337,0.09872163000671441,0.4133201087478457,0.30834442114648875,0.14579397670648403,0.30148372814366525,0.3123216126083751,0.39460858302862867,0.3207524516771032,0.22509695398689217,0.37323552112063213,0.42447328102182,0.3936463153785341,0.11764705882352941,5,9,7,3,0,5,3,0,0,5,0,0,0,0,0,0,0,0,1
7,FRMD6-AS2,0,1,0.7562224940460638,0.5026734613497477,0.4918038332390591,0.4896326257930442,0.5244509252651359,0.5179585280216429,0.9008825731108112,0.8938191381346967,0.8771960812229609,0.5725815612442551,0.56683053351376,0.25221533484291603,0.3358083175638982,0.3834034322472377,0.0,0.0,0.0,0.0,0.0,0.0,0.0,0.0,0.0,0.0,0.0,0.0,0.0,0.0,0.0,0,1,1,1,0,0,0,0,0,0,0,0,0,0,0,0,0,0,0
8,LINC00174,5,0,0.056661947851062135,0.21244528822347816,0.0620210205579139,0.08091945834366966,0.12694615333425854,0.10680735290990953,0.04435307693855745,0.055531148419925985,0.045663875173795936,0.11689303863832648,0.1265804782793107,0.14961494303581735,0.044239295984491625,0.037532185636225665,0.0,0.0,0.0,0.0,0.0,0.0,0.0,0.0,0.0,0.0,0.0,0.0,0.0,0.0,1.0,2,1,1,2,0,0,1,0,0,0,0,0,2,0,0,0,0,0,0
9,HOXC-AS1,2,0,0.05259781008583549,0.14516999703040492,0.03910543747776632,0.408550948295656,0.051314826104781996,0.13878391257042882,0.033448539107696164,0.033042231881446955,0.09563878007687791,0.22770662833832866,0.1411046329956587,0.07973289837842447,0.06312652828156982,0.1821569713760899,0.04361352727545761,0.07566763480077063,0.022588601228826062,0.14075237484225053,0.02854149035355652,0.05959591978241836,0.022580919240971744,0.019343209304897892,0.08157588931865009,0.08407598104131286,0.06701345153651377,0.058100596534669605,0.05523912417901806,0.18738907510286656,1.0,1,0,0,1,0,1,1,0,0,1,0,0,0,0,0,0,0,0,0
10,GHRLOS,0,1,0.8433117752697671,0.8487037093532107,0.8418707177335433,0.882906655513406,0.8459067064239956,0.8374247086566174,0.9083422086109508,0.8913709287501427,0.8892998438381395,0.8366224539147704,0.8347321901632585,0.8468635152796592,0.9015673146528568,0.8496244047418028,0.0,0.0,0.0,0.0,0.0,0.0,0.0,0.0,0.0,0.0,0.0,0.0,0.0,0.0,0.0,0,0,0,0,0,1,0,0,0,0,0,0,0,0,0,0,0,0,0
11,LINC00239,1,0,0.4197415112716983,0.16928827361723886,0.6403295467006183,0.13347057357425046,0.14921080768309472,0.2142361214561973,0.31141185674297645,0.34513195249374423,0.4340070082439182,0.2465702467243095,0.21887311940832266,0.45642700043203205,0.5249064622576806,0.2925464993776901,0.0,0.0,0.0,0.0,0.0,0.0,0.0,0.0,0.0,0.0,0.0,0.0,0.0,0.0,1.0,0,0,0,0,0,0,0,0,0,0,0,0,0,0,0,0,0,0,0
12,FOXE1,0,0,0.18561518689157366,0.5383988618935691,0.5141977088794386,0.6934981930120233,0.3860061683873918,0.1844811082466411,0.2255709928010201,0.2338697391848384,0.4216294147756184,0.4002369618827605,0.19283427378022666,0.5485373881135714,0.07176072624045979,0.5664573043920856,0.0,0.0,0.0,0.0,0.0,0.0,0.0,0.0,0.0,0.0,0.0,0.0,0.0,0.0,,0,0,0,0,0,0,0,0,0,0,0,0,0,0,0,0,0,0,0
13,LINC00968,3,4,0.42907860281882704,0.15450383268777168,0.2637428747242536,0.2034747532090004,0.2291589886856925,0.23642167916967796,0.3729905692898687,0.4701093363251138,0.12679874156323587,0.2964556317736416,0.2477949758050236,0.2691056670647691,0.449423401973867,0.30107971477146833,0.0,0.0,0.0,0.0,0.0,0.0,0.0,0.0,0.0,0.0,0.0,0.0,0.0,0.0,0.42857142857142855,2,2,3,2,0,0,1,0,0,0,0,0,0,0,0,0,0,0,0
14,GSEC,1,0,0.12811430641892113,0.06796084821729448,0.07551881463483544,0.2959291918112605,0.12544619278351427,0.0978741617924566,0.09064267123245484,0.09482108922004567,0.068595967003485,0.13090263946296582,0.08191186011788529,0.08528036763567028,0.14554483280761124,0.09567735074080776,0.0,0.0,0.0,0.0,0.0,0.0,0.0,0.0,0.0,0.0,0.0,0.0,0.0,0.0,1.0,0,0,1,0,0,0,0,0,0,0,0,0,0,0,0,0,0,0,0
15,NBR2,1,3,0.6233637301889097,0.4380966275192541,0.5699879662081436,0.5117617157016504,0.3461789865823547,0.4477540529157275,0.6200629683035044,0.6767151461382659,0.5677477154251317,0.5467936145252272,0.4635190123475536,0.5719159905219855,0.6845220625409213,0.34847963572655305,0.0,0.0,0.0,0.0,0.0,0.0,0.0,0.0,0.0,0.0,0.0,0.0,0.0,0.0,0.25,2,1,2,0,0,1,0,0,0,2,0,0,0,0,0,0,0,0,0
16,LINC00526,0,1,0.03176016174683657,0.09449839299635293,0.0559060900988303,0.044241337424325705,0.0426662894113731,0.05990962923069504,0.02627156126131515,0.026434204618869105,0.030810878160415767,0.057280111251626235,0.02942097451533609,0.02644803410504272,0.0332071522852592,0.3257846496428182,0.0,0.0,0.0,0.0,0.0,0.0,0.0,0.0,0.0,0.0,0.0,0.0,0.0,0.0,0.0,1,1,1,0,0,0,0,0,0,0,0,0,0,0,0,0,0,0,0
17,EMX2OS,1,0,0.07530937975660439,0.059154638514516064,0.1783706962468448,0.1324092320486812,0.1665835921589618,0.11800956111166401,0.057727237228366764,0.04816961722382319,0.1369420076299707,0.3130448895687677,0.12716287271020926,0.16185795420626375,0.08788771248060961,0.050562700639765736,0.0,0.0,0.0,0.0,0.0,0.0,0.0,0.0,0.0,0.0,0.0,0.0,0.0,0.0,1.0,1,1,0,1,0,0,0,0,0,0,0,0,0,0,0,0,0,0,0
18,HAGLR,1,2,0.2403050567959601,0.5122920326501856,0.3510402917633413,0.2773452519428733,0.4096810383980517,0.4549640021273194,0.23533884344672334,0.20785446721232015,0.1507668113827593,0.4926391626739504,0.4531589968647222,0.5939405244956739,0.21532522841358187,0.0760490275037033,0.0,0.0,0.0,0.0,0.0,0.0,0.0,0.0,0.0,0.0,0.0,0.0,0.0,0.0,0.3333333333333333,0,0,0,1,1,0,0,0,0,0,0,0,0,0,0,0,0,0,0
19,STARD13,0,1,0.4537610037524169,0.3086976183599912,0.3206549197721249,0.49313918405179535,0.42190980138983347,0.3848400738265303,0.48921435252244705,0.49053258296810653,0.48479975226711974,0.4183652647977833,0.39147078618645526,0.22883572184162404,0.49387181639805205,0.4772533160951776,0.4083601814341994,0.2640374644396459,0.26903925156556197,0.4512856032227271,0.3768767369033149,0.33842670291338706,0.4445957222289929,0.4476674675714055,0.43648902621921787,0.34620119383136294,0.34152399742179423,0.18574981211561892,0.4515882528439284,0.4304343104584848,0.0,0,0,0,0,0,0,1,0,0,0,0,0,0,0,0,0,0,0,0
20,GATA6-AS1,0,2,0.17260901310019672,0.2056620905278478,0.26140026075555167,0.10887037240063145,0.15192546542042482,0.21514591939652639,0.15767831447993663,0.21035683388949203,0.09505098429289101,0.2145933345361253,0.20101176207289387,0.25921785050499335,0.2092612357718291,0.17004149812714064,0.1265531983816223,0.1099986977274917,0.14886619959505226,0.06411922413153934,0.06844859762334375,0.09340969181463407,0.11700683756986485,0.18086132065597987,0.05931588101226524,0.10283452848226542,0.10815934765446232,0.19455890691612648,0.18521819773358744,0.10552463367028767,0.0,0,1,1,0,0,0,0,0,0,0,0,0,0,0,0,0,0,0,0
21,PCAT1,19,1,0.6034605669304814,0.2787110971012194,0.809816459223665,0.4557189658331844,0.2581417212626869,0.22010725321317906,0.72686302771053,0.8065162902786474,0.6678125897277349,0.43573504852973655,0.2356340672936133,0.6252838778708518,0.8457867266079887,0.6112575635362902,0.0,0.0,0.0,0.0,0.0,0.0,0.0,0.0,0.0,0.0,0.0,0.0,0.0,0.0,0.95,7,5,6,2,0,2,5,0,1,0,0,0,1,0,0,0,0,0,4
22,FTX,16,3,0.17579775374316386,0.11933294518407744,0.409089177654377,0.17876148533247918,0.10299787983290792,0.12013024769083677,0.13606484679993255,0.10946553793910335,0.13785192095494062,0.2504660006049718,0.11037671955220058,0.07625880288947248,0.23149815657603495,0.46253051644198984,0.03927002922147055,0.017879651010612063,0.041052717866464056,0.008960118344390006,0.013701088723153121,0.011752024490102209,0.023843147408649713,0.01831839054560455,0.03702796903738778,0.022814679823807152,0.01518751216972545,0.01716041834051837,0.057294912655417626,0.007020415518677686,0.8421052631578947,14,10,9,6,0,6,4,0,2,0,0,1,1,0,0,1,0,0,1
23,HOXC-AS3,4,0,0.2073685820536892,0.29877188214917644,0.21752896857946796,0.46076030129172774,0.16023089041687885,0.23595123330591278,0.12845113134298172,0.10774008808561558,0.2921741824422926,0.33877400916941597,0.25201037275334115,0.40007382046022033,0.24422330060759684,0.2877656146248898,0.05860895938792916,0.08767743792961959,0.042569026313613326,0.0731896727082523,0.04338752914196157,0.05978675946935781,0.04004062098276132,0.022711552392356095,0.12020406591528639,0.08182607962765004,0.029559610922943652,0.07027563283155525,0.08417739746932894,0.10830086660819771,1.0,3,2,4,0,0,0,0,0,0,0,1,0,0,0,0,0,0,0,0
24,SLC7A11-AS1,1,1,0.07708239885571921,0.07961962348372459,0.08458173413888942,0.08018500613960604,0.0723568090269781,0.07612959692991635,0.07673915204046503,0.06988976830642002,0.08602100560255219,0.10821234277089936,0.08678906167741099,0.06788938838418858,0.07129677849414524,0.07928239622811949,0.0,0.0,0.0,0.0,0.0,0.0,0.0,0.0,0.0,0.0,0.0,0.0,0.0,0.0,0.5,0,0,0,1,0,0,0,0,0,0,0,0,0,0,0,0,0,0,0
25,LINC00336,1,0,0.7174473856290778,0.5814654404997035,0.8254767757824262,0.4245379677169029,0.5025065577648905,0.5415059884855952,0.6320315006470345,0.40004848458893455,0.7125513273947349,0.527242411811123,0.6647722169948652,0.8186669847146353,0.5405246920884658,0.6413803830358005,0.0,0.0,0.0,0.0,0.0,0.0,0.0,0.0,0.0,0.0,0.0,0.0,0.0,0.0,1.0,0,0,0,0,0,0,0,0,0,0,0,0,1,0,0,0,0,0,0
26,HMGA2,0,1,0.8804561256870651,0.2905688866010164,0.6214342130378827,0.8873376018272343,0.6670327130747634,0.5102992630438042,0.8935070149962047,0.9317003875363572,0.5646260745401488,0.5372802891743402,0.3874217335960581,0.7714299963491065,0.7160527029748468,0.7706443840959719,0.0,0.0,0.0,0.0,0.0,0.0,0.0,0.0,0.0,0.0,0.0,0.0,0.0,0.0,0.0,0,0,1,0,0,0,0,0,0,0,0,0,0,0,0,0,0,0,0
27,HOXD-AS2,1,0,0.1124000640519816,0.18725837059275025,0.3827024918447598,0.19144848279716734,0.4465386757265596,0.3774896863465436,0.11957325772360616,0.14577915930179705,0.27803811533181944,0.40860320557132496,0.4239916342644309,0.37923280382844565,0.14156834915774405,0.2004055858671102,0.08077258558603978,0.15998394268075591,0.15998987826984878,0.21204759942634643,0.1680991696183258,0.17364895987758167,0.17573225434264936,0.23040745252145006,0.12824193980251986,0.10263174086881978,0.1440793051149078,0.3622611602760083,0.10073814012234225,0.1564139266848467,1.0,1,0,0,1,0,0,0,0,1,0,0,0,0,0,0,0,0,0,0
28,NR2F1-AS1,4,1,0.3573925441672412,0.1996605836366097,0.5256473623613379,0.573688755326335,0.34407617561824955,0.2830687331319145,0.25588006688649284,0.4998435893044118,0.611750898502033,0.21954202907465112,0.20053975955134876,0.6746506597312889,0.14471439747820156,0.38186572284187614,0.0,0.0,0.0,0.0,0.0,0.0,0.0,0.0,0.0,0.0,0.0,0.0,0.0,0.0,0.8,2,1,2,0,0,1,1,0,0,1,0,0,0,0,0,0,0,0,0
29,LINC02595,1,0,0.12554260650484156,0.057780097059353636,0.4864371201544997,0.10671065340330628,0.033824344872661664,0.05424788664646643,0.0743316686188465,0.049712253202933814,0.07606871975132971,0.17849936599885374,0.05083770760282713,0.02921759125755943,0.2433589631240486,0.5011645192366022,0.0,0.0,0.0,0.0,0.0,0.0,0.0,0.0,0.0,0.0,0.0,0.0,0.0,0.0,1.0,0,0,0,0,0,0,0,0,0,0,0,0,1,0,0,0,0,0,0
30,MEF2C-AS1,0,1,0.8217909162483409,0.30069234038576576,0.6806133943438899,0.4850849245019572,0.32370969138583144,0.19794682635572086,0.6892354657108286,0.8014813117499721,0.2803790128571648,0.6056114632208041,0.2836931810695242,0.8432021071163873,0.8842206868280087,0.677739842176327,0.0,0.0,0.0,0.0,0.0,0.0,0.0,0.0,0.0,0.0,0.0,0.0,0.0,0.0,0.0,1,1,0,0,0,1,0,0,0,0,0,0,0,0,0,0,0,0,0
31,PFKFB1,0,1,0.669586925237873,0.6068815574279556,0.5596107403719515,0.5967394906562848,0.6396621975863159,0.6061700369854515,0.5559591345506301,0.49756188708251825,0.39060472357072556,0.5684260139344183,0.6016031291832662,0.8923286687012357,0.688404669237441,0.5741783665701383,0.07149446757566685,0.2028569960185828,0.17929552527359233,0.23839424222652525,0.19781309788057955,0.1823027402530358,0.1897716361391189,0.2601782555822091,0.13832094300742864,0.14402591701141773,0.1871902311151266,0.03174972249361563,0.12958306742634867,0.1666620144052518,0.0,0,0,0,0,0,0,0,0,0,0,0,0,0,0,0,0,0,0,0
32,SSTR5-AS1,2,2,0.20035476983005127,0.1960828040850052,0.20355228679795975,0.1869776556832228,0.18537535430220034,0.205884223007466,0.33428293860098807,0.3793709569143921,0.1952570686264036,0.20841232691637335,0.16786917619923866,0.15457724054159705,0.11424129510539938,0.16161811057796094,0.0,0.0,0.0,0.0,0.0,0.0,0.0,0.0,0.0,0.0,0.0,0.0,0.0,0.0,0.5,1,1,1,0,1,0,1,0,0,0,0,0,0,0,0,0,0,0,0
33,VIM-AS1,1,0,0.0805440502152857,0.2965065402829453,0.12440040836739018,0.1400457084309554,0.09404456697434246,0.07477491414730415,0.0370065524315062,0.03508005672468692,0.4354028878693355,0.09050907505293516,0.045400015579437285,0.20025427114724775,0.035491915291156154,0.03988482280863447,0.0,0.0,0.0,0.0,0.0,0.0,0.0,0.0,0.0,0.0,0.0,0.0,0.0,0.0,1.0,1,1,1,1,0,1,1,0,1,1,0,0,0,0,0,0,0,0,0
34,CASC15,23,1,0.6744978991826627,0.554896352813176,0.8633428237253525,0.7560933467788493,0.6703884067103811,0.6628116387849982,0.4971303393675066,0.3433694545958562,0.5940534235656745,0.580531173946978,0.7704530695964797,0.8933117923246437,0.40693845664396816,0.6510592258564577,0.0,0.0,0.0,0.0,0.0,0.0,0.0,0.0,0.0,0.0,0.0,0.0,0.0,0.0,0.9583333333333334,15,14,12,5,1,7,6,1,2,3,2,0,0,0,0,0,0,0,1
35,MIR7-3HG,1,0,0.8990730748860082,0.889621624397853,0.9316687000655638,0.9292535179248882,0.8957855473550925,0.9154071205322142,0.9196725222537591,0.9067614013158558,0.8834075573427828,0.8621247406610967,0.8930854255721469,0.9111764929702788,0.9113759899932758,0.9006919408202656,0.0,0.0,0.0,0.0,0.0,0.0,0.0,0.0,0.0,0.0,0.0,0.0,0.0,0.0,1.0,1,0,0,0,0,0,1,0,0,0,0,0,0,0,0,0,0,0,0
36,LINC00461,10,0,0.01708653020671421,0.056369481609116326,0.02814518846211263,0.03915773884612517,0.056056373540157814,0.04410963392669432,0.01611017560494055,0.020463669037952555,0.021229449932807273,0.030408552756043337,0.032348752895781985,0.04563752027276848,0.02037249333207026,0.019004546386646143,0.0,0.0,0.0,0.0,0.0,0.0,0.0,0.0,0.0,0.0,0.0,0.0,0.0,0.0,1.0,5,5,6,0,0,2,2,0,0,0,0,0,1,0,0,0,0,0,0
37,HOXA-AS2,26,0,0.33932237637302237,0.6126969247823356,0.5948685566377974,0.24927174620586245,0.43465886481387495,0.6289188770745546,0.315512262163283,0.2157455444799182,0.30044011411765403,0.5116612065692878,0.6557444493036928,0.552209326760297,0.25026735302640934,0.4186067580280982,0.16336293004312935,0.3724370740274786,0.17482256983908012,0.09678123959720368,0.16335163701657043,0.2408353347783067,0.1163097601024873,0.04920490288741653,0.06992349049273716,0.027401189628887827,0.18609015393518075,0.35683825025548205,0.11573527779460116,0.0674636083045457,1.0,12,11,9,6,0,2,12,0,1,2,0,0,3,0,0,0,0,0,1
38,LINC00880,1,0,0.7715846875312405,0.7971972741574441,0.696080508710866,0.4631650739069718,0.8893738447254451,0.9819096188867596,0.9606539524892516,0.9578036458515949,0.4627376076469628,0.6043063078847828,0.9517034002249956,0.4028633670519981,0.7677675305751653,0.9220281378375944,0.0,0.0,0.0,0.0,0.0,0.0,0.0,0.0,0.0,0.0,0.0,0.0,0.0,0.0,1.0,1,1,1,0,0,0,1,0,0,0,0,0,0,0,0,0,0,0,0
39,PROX1-AS1,2,0,0.21424085267235615,0.19505513834229957,0.26703834382573977,0.2502256431787029,0.34135194533261703,0.386414398964945,0.3139063322060014,0.26873356392525694,0.08511411370731273,0.3461562508824918,0.31026495973964874,0.21041168559713214,0.4491253196848457,0.46111376919327834,0.08181825005250955,0.09754882974561783,0.07420935318230118,0.12436793621255357,0.026168469543893152,0.013021950274764466,0.08966306266968324,0.13304510366998448,0.00220617981805845,0.05135465711964682,0.06767354097726098,0.019595474821514428,0.3447866453385165,0.1632855456789875,1.0,2,2,1,0,0,0,0,0,0,0,0,0,0,0,0,0,0,0,0
40,LMCD1-AS1,2,1,0.8930252381217108,0.8670802321844091,0.8740485981132624,0.7817659327550915,0.8546281661633529,0.9095662721029192,0.7657554572174021,0.5689289205131336,0.8550074463522864,0.8163742306942539,0.8956188656074686,0.8947962167237798,0.9297881752621484,0.8770110645457039,0.0,0.0,0.0,0.0,0.0,0.0,0.0,0.0,0.0,0.0,0.0,0.0,0.0,0.0,0.6666666666666666,1,1,1,1,0,0,0,0,0,1,0,0,0,0,0,0,0,0,0
41,LINC00511,26,1,0.5962704945174419,0.8425450032171671,0.9070550010041204,0.92723117958112,0.9341819600918791,0.9237920629624232,0.31460696167131724,0.17721027549736987,0.8352931254414535,0.5693746480805983,0.7984997768497701,0.8475674696175722,0.4852289206838814,0.11686957262083678,0.0,0.0,0.0,0.0,0.0,0.0,0.0,0.0,0.0,0.0,0.0,0.0,0.0,0.0,0.9629629629629629,21,13,10,6,2,6,12,1,2,1,0,0,6,0,0,0,0,0,0
42,LINC00683,0,1,0.16967024535117578,0.160767192024608,0.1963977761629488,0.20596310570137946,0.22361993930261764,0.24618447536915164,0.15269482617827027,0.2192945390643036,0.1279447642471196,0.2704803792180808,0.2439279939311817,0.2737180633947585,0.2714997416858457,0.1826963654800736,0.0,0.0,0.0,0.0,0.0,0.0,0.0,0.0,0.0,0.0,0.0,0.0,0.0,0.0,0.0,0,0,0,0,0,0,0,0,0,0,0,0,0,0,0,0,0,0,0
43,DAPK1,1,0,0.31455095515277715,0.1880240718522554,0.5895697814577598,0.5681836053397568,0.33859744436773825,0.5886253928819846,0.1793090880488177,0.1274442038539654,0.15189266860346504,0.27254579096843323,0.3812227862415034,0.5869229864875991,0.4969344497900637,0.3212373877884988,0.0,0.0,0.0,0.0,0.0,0.0,0.0,0.0,0.0,0.0,0.0,0.0,0.0,0.0,1.0,0,0,0,0,0,1,0,0,0,0,0,0,0,0,0,0,0,0,0
44,KCNK15-AS1,1,0,0.07047403741340866,0.07101852606602149,0.07201406607078223,0.09413707287409644,0.0777143141598523,0.07888665815948225,0.08055022742387327,0.08461882923995546,0.11336928531201235,0.11493540395137923,0.06758341736932726,0.07276692676096913,0.07151408767256613,0.07660695118360343,0.0,0.0,0.0,0.0,0.0,0.0,0.0,0.0,0.0,0.0,0.0,0.0,0.0,0.0,1.0,0,0,0,0,0,0,0,0,0,0,0,0,0,0,0,0,0,0,0
45,ZFAS1,53,6,0.036729747229574866,0.03379367445525973,0.03992371283122215,0.033685745844919485,0.031200674822317163,0.03432583497244307,0.03479438669481909,0.031522124764430684,0.03818039702625826,0.044795644130064136,0.035832268531259294,0.03538789463524049,0.03493163635661516,0.041337819763171316,0.0,0.0,0.0,0.0,0.0,0.0,0.0,0.0,0.0,0.0,0.0,0.0,0.0,0.0,0.8983050847457628,35,23,17,9,0,12,19,1,9,2,2,3,9,6,0,0,0,1,3
46,AP003555.2,1,0,0.14832459039417062,0.21762399152899492,0.3141181059723149,0.4657026479006929,0.2829785798535373,0.39644316453810796,0.14209533772494534,0.15402166551542634,0.1712544299106957,0.3474554331836812,0.2983696795915503,0.3428330843401449,0.2152297443849769,0.370903798482258,0.0,0.0,0.0,0.0,0.0,0.0,0.0,0.0,0.0,0.0,0.0,0.0,0.0,0.0,1.0,0,0,0,0,0,0,0,0,0,0,0,0,0,0,0,0,0,0,0
47,PVT1,166,8,0.6869896499783703,0.2802283318134243,0.40581991772117343,0.765177200384489,0.6858616632671981,0.6259176015986402,0.5811023402578432,0.8049802737122419,0.820145305775145,0.6536288779472252,0.6423599470626976,0.743351282169213,0.8228146636850941,0.775524232272473,0.0,0.0,0.0,0.0,0.0,0.0,0.0,0.0,0.0,0.0,0.0,0.0,0.0,0.0,0.9540229885057471,79,49,43,25,5,23,42,2,10,4,8,3,12,2,0,3,4,4,11
48,ZNF674-AS1,0,1,0.12820979596510085,0.07032589534547162,0.36450946808429485,0.1341261452710319,0.05212540606911566,0.07620600442344322,0.08773571337982967,0.0685069955589186,0.07575445534648519,0.19163842045729235,0.07099199270604431,0.03416512914491719,0.19713660189636,0.4323204807282344,0.00214337066517091,0.00272473554852682,0.028675943998348524,0.009301337299962846,0.0008388710078192189,0.001464200570533425,0.0009617961365168265,0.0011073932050535973,0.003671160370381815,0.01112974791306072,0.003923171496302717,0.0025567319056179587,0.012182738306403164,0.016430833627163466,0.0,0,0,0,0,0,1,0,0,0,0,0,0,0,0,0,0,0,0,0
49,GAB2,1,0,0.8426932446052896,0.7835525826507088,0.8813542896599931,0.8864194694430425,0.778616136845431,0.6382719813690922,0.8042190840530483,0.8760000381970806,0.8477411919516857,0.8117626745119795,0.7685349408920359,0.8565880609490617,0.9087928189042949,0.8782866973915366,0.05725675721905432,0.0059346351941060305,0.0024391399125160973,0.015391292633754994,0.0019171918197794513,0.006193933323179025,0.08943542622273443,0.02134869198089928,0.021881100555593114,0.002741614911270951,0.008933513965398487,0.0037594159191213783,0.0024939581731972527,0.009787145961085153,1.0,1,0,0,0,0,0,0,0,0,0,0,0,0,0,0,0,0,0,0
50,LINC01121,2,0,0.8826885276592891,0.8475309785018935,0.8830532297340026,0.8696409328512594,0.8422976381631311,0.8239315051803653,0.8765212720354265,0.8756776526069909,0.8591940074825901,0.8222130589246271,0.8453812866324644,0.8643465646467743,0.8715926270462391,0.8600928608020552,0.0,0.0,0.0,0.0,0.0,0.0,0.0,0.0,0.0,0.0,0.0,0.0,0.0,0.0,1.0,1,1,1,0,0,0,1,0,0,0,0,0,0,0,0,0,0,0,0
51,SNHG14,22,1,0.5610471204240892,0.43892491987514504,0.5039271192620498,0.4096230289027484,0.3326360367791775,0.4018450022159469,0.5389979690565591,0.5317111165018298,0.4589787300968261,0.5096017989511138,0.4447029699861225,0.5239527504025295,0.5562007314542442,0.5127428790900858,0.0,0.0,0.0,0.0,0.0,0.0,0.0,0.0,0.0,0.0,0.0,0.0,0.0,0.0,0.9565217391304348,14,11,9,2,1,5,9,1,1,4,1,0,1,0,0,0,0,0,0
52,JPX,2,4,0.6912745979148418,0.4777498817953226,0.5688673417297831,0.6106338774312251,0.436024853161116,0.49424821174017697,0.8106012404233751,0.8022015930978732,0.4099909020121926,0.6366219094210971,0.4642852294292206,0.5606448148041608,0.8623838919200922,0.64889733511044,0.0,0.0,0.0,0.0,0.0,0.0,0.0,0.0,0.0,0.0,0.0,0.0,0.0,0.0,0.3333333333333333,3,1,1,1,0,2,1,0,0,1,0,0,1,0,0,0,0,0,0
53,LINC01006,1,1,0.5556188100540368,0.4501119863414444,0.49802858438204783,0.6902031012901577,0.5903375049271639,0.5610366845745198,0.5327686227892219,0.5289957749308982,0.5818289589417885,0.5287379314630041,0.5729435078694599,0.6990596134282085,0.5610133439386985,0.5206305045446517,0.34971791906534844,0.1908182543492632,0.29921378904559026,0.1946599438317722,0.18936714661292206,0.16926009562613595,0.36764912287568985,0.3797167004796213,0.27355883675064796,0.24533700865207156,0.24967034059669593,0.20204623272461902,0.3505288257613439,0.35424470024588056,0.5,1,2,1,0,0,0,0,0,0,0,0,0,0,0,0,0,0,0,0
54,TARID,0,1,0.17140006047410233,0.1770521624536471,0.08455849561481718,0.15703071148788925,0.16688583496366824,0.0786102841614372,0.20098523959830145,0.10788698976350977,0.0627976669830125,0.260303370532212,0.19277152524157992,0.1869900303066661,0.05507786308045844,0.1068736728168099,0.02718393280991635,0.01342367728296362,0.03116861022493712,0.0094529942818328,0.0026585815965985415,0.017544656627536428,0.029536165029800804,0.023308576157048504,0.010204210517465673,0.00940553529329366,0.0037147309662303313,0.01883381226568158,0.014943872575561894,0.017682810490481156,0.0,0,0,0,0,0,0,0,0,0,0,0,0,0,0,0,0,0,0,0
55,UPK1A-AS1,0,1,0.08074556764333601,0.2032981054407124,0.060454549540487075,0.07705972366646847,0.061714961339442466,0.06866488406946873,0.07190559310960251,0.06627676397136832,0.06638843495896027,0.09628980535252812,0.06969965077925425,0.2107620532303738,0.07820880623812686,0.06102179232414975,0.0,0.0,0.0,0.0,0.0,0.0,0.0,0.0,0.0,0.0,0.0,0.0,0.0,0.0,0.0,0,0,0,0,0,0,0,0,0,0,0,0,0,0,0,0,0,0,0
56,ZEB1-AS1,37,0,0.2169849000665044,0.11636169901567545,0.10881256575201344,0.2034822747522732,0.15422372278361893,0.1643331472477761,0.13876372170679888,0.0781833574809481,0.11583591474347076,0.2410832960215716,0.15830570946480113,0.14376237538095235,0.1367040384030025,0.10505365791332573,0.0,0.0,0.0,0.0,0.0,0.0,0.0,0.0,0.0,0.0,0.0,0.0,0.0,0.0,1.0,19,15,15,5,2,12,7,0,1,5,1,0,5,0,0,0,0,0,0
57,MAGI2-AS3,4,10,0.5350486904365916,0.6137623183242993,0.6442522760901153,0.6384430851004547,0.6046733903736592,0.6317690103000846,0.5312667538110911,0.4888122231593649,0.5435406894161572,,0.6034510362550848,0.449754550269479,0.6857906853164384,0.6858279160103199,0.0,0.0,0.0,0.0,0.0,0.0,0.0,0.0,0.0,,0.0,0.0,0.0,0.0,0.2857142857142857,4,3,4,2,0,2,1,0,0,0,0,0,0,1,0,0,0,0,0
58,OIP5-AS1,24,3,0.04669127495134627,0.04222574659396193,0.041784690575707086,0.04541593363197536,0.04235975717276212,0.04667739232244038,0.04378961127504635,0.04407446383780498,0.04288789237209782,0.07466218099800409,0.041624276344720434,0.04057291941402373,0.04309460126685249,0.04183574457500745,0.0,0.0,0.0,0.0,0.0,0.0,0.0,0.0,0.0,0.0,0.0,0.0,0.0,0.0,0.8888888888888888,14,7,7,5,0,3,9,1,1,1,0,0,4,0,0,0,0,0,0
59,RPSAP52,2,0,0.9098442645749332,0.6688446782891015,0.6490350952784293,0.8875821233104116,0.8500097008576935,0.9019822648595496,0.9008302549933164,0.9149192506632208,0.5270090222540774,0.6666034135900818,0.8800662850535299,0.6904713720878815,0.930869283511348,0.8897402472546271,0.0,0.0,0.0,0.0,0.0,0.0,0.0,0.0,0.0,0.0,0.0,0.0,0.0,0.0,1.0,0,0,0,1,0,0,0,0,1,0,0,0,0,0,0,0,0,0,0
60,KRT7,1,0,0.29465895428216726,0.2049582228955828,0.26461261392786334,0.4741225573658483,0.28103855461569605,0.3776557848310838,0.23041488172429325,0.1438772196160577,0.2623997456484013,0.27245534677462024,0.3884589202134849,0.5980991368664961,0.21104676587443874,0.24620752995302375,0.18804305953433004,0.11655771601937841,0.14561502989834543,0.1308363131986849,0.04394220803299982,0.05851698566122909,0.072283701448075,0.05966004402272919,0.15231451158674153,0.15603814905920366,0.051907620360804985,0.05816703743586665,0.17061177481157455,0.08897707210423271,1.0,0,0,0,0,0,1,0,0,0,0,0,0,0,0,0,0,0,0,0
61,PDCD4-AS1,0,1,0.7719004941932146,0.8225320301801501,0.4262853432168119,0.8884063449217539,0.8214129317300953,0.7918938865418699,0.8349912643783892,0.906684727632074,0.8544782204432795,0.7864587335869013,0.800141198952873,0.875556404881603,0.8518490541090088,0.7642548755795816,0.0,0.0,0.0,0.0,0.0,0.0,0.0,0.0,0.0,0.0,0.0,0.0,0.0,0.0,0.0,0,0,0,0,0,0,0,0,0,0,0,0,0,1,0,0,0,0,0
62,PTCSC2,0,2,0.18561518689157366,0.5383988618935691,0.5141977088794386,0.6934981930120233,0.3860061683873918,0.1844811082466411,0.2255709928010201,0.2338697391848384,0.4216294147756184,0.4002369618827605,0.19283427378022666,0.5485373881135714,0.07176072624045979,0.5664573043920856,0.0,0.0,0.0,0.0,0.0,0.0,0.0,0.0,0.0,0.0,0.0,0.0,0.0,0.0,0.0,0,0,0,0,0,0,0,0,1,0,0,0,0,0,0,0,0,0,0
63,GATA3-AS1,1,0,0.02541225157795083,0.02009238011134988,0.021178702849457637,0.07713586062231925,0.042484091293802595,0.04006953503786859,0.031080645247188475,0.02786217605156706,0.04997962706531256,0.11790866856790022,0.037739551600199546,0.022974577339143803,0.020534168741458855,0.021573905140524024,0.005612412096867346,0.002797559858217181,0.003155933082706175,0.003733243097340938,0.0007746694887309398,0.0005004525196233324,0.0023528104037804642,0.007684829439490554,0.009334071926646318,0.011174836050829695,0.00014256359445428968,0.0034143663473874993,0.002415387923267103,0.0035946534662605195,1.0,0,0,1,1,0,1,0,0,0,0,0,0,0,0,0,0,0,0,0
64,KCNA3,0,1,0.07012814659096603,0.4121697944062392,0.1415534284935127,0.6393373796741797,0.3898848962601028,0.3614228124124452,0.10765647255651024,0.06539287248707931,0.19716870106061846,0.1704402778277724,0.1254178361393953,0.13144841943505428,0.0606833141442208,0.21955556931633155,0.0,0.0,0.0,0.0,0.0,0.0,0.0,0.0,0.0,0.0,0.0,0.0,0.0,0.0,0.0,0,0,0,0,0,0,0,0,0,0,0,0,0,0,0,0,0,0,0
65,HHIP-AS1,0,1,0.046949514710899566,0.1001291912998772,0.070621847270675,0.13441872927267626,0.12470610610777184,0.0967602101493035,0.04394291217531293,0.0306622589164868,0.08355511105086573,0.0784583482981794,0.03941091546271765,0.1576813631181021,0.05033017994733873,0.029563714243753886,0.0,0.0,0.0,0.0,0.0,0.0,0.0,0.0,0.0,0.0,0.0,0.0,0.0,0.0,0.0,1,1,1,0,0,1,1,0,0,0,0,0,0,0,0,0,0,0,0
66,INHBA-AS1,2,0,0.052556669439945,0.059537136148760876,0.06110310037537325,0.08798203540397835,0.1113820882708438,0.08479736153179603,0.05714571304759425,0.045819752545927885,0.052149574807817976,0.1027590551803099,0.08124760836241664,0.04654256411497352,0.04779301276662785,0.04559594592634147,0.0,0.0,0.0,0.0,0.0,0.0,0.0,0.0,0.0,0.0,0.0,0.0,0.0,0.0,1.0,1,1,1,0,0,0,0,0,0,0,0,0,0,0,0,0,0,0,0
67,CAHM,0,2,0.04798658457145249,0.041970571851049764,0.0491342973292092,0.29249078416669283,0.06319936112134023,0.04531975783786982,0.04377099551046478,0.03970187698519829,0.04229240743769819,0.07545107461750511,0.04249655675927731,0.04041142932046808,0.04555778856299096,0.04872934282414005,0.0,0.0,0.0,0.0,0.0,0.0,0.0,0.0,0.0,0.0,0.0,0.0,0.0,0.0,0.0,0,0,0,0,1,0,0,0,0,0,0,0,0,0,0,0,0,0,0
68,ZEB1,2,0,0.2169849000665044,0.11636169901567545,0.10881256575201344,0.2034822747522732,0.15422372278361893,0.1643331472477761,0.13876372170679888,0.0781833574809481,0.11583591474347076,0.2410832960215716,0.15830570946480113,0.14376237538095235,0.1367040384030025,0.10505365791332573,0.0,0.0,0.0,0.0,0.0,0.0,0.0,0.0,0.0,0.0,0.0,0.0,0.0,0.0,1.0,2,1,1,0,0,1,1,0,0,1,0,0,0,0,0,0,0,0,0
69,PEG10,10,0,0.35432337177992485,0.2300564609561556,0.3135977945528731,0.3462699648683715,0.2689943245640947,0.3424426705533577,0.3519981725611462,0.3606903188084418,0.31601482764405936,0.3757590407493545,0.2426478857723236,0.2814282396044085,0.3738644237603526,0.2682840777622393,0.0,0.0,0.0,0.0,0.0,0.0,0.0,0.0,0.0,0.0,0.0,0.0,0.0,0.0,1.0,2,7,7,1,0,2,7,0,0,0,0,0,0,1,0,0,0,0,1
70,HOXA11-AS,41,5,0.0570709572727918,0.06484446050408839,0.1520853635619152,0.03849337578777165,0.04225168235578258,0.05380151738983957,0.05124582636475247,0.045595910345005486,0.13837773006632206,0.2319602368339774,0.07302723019425318,0.032359481502514165,0.06403819318673548,0.04257370661613034,0.0,0.0,0.0,0.0,0.0,0.0,0.0,0.0,0.0,0.0,0.0,0.0,0.0,0.0,0.8913043478260869,25,24,16,13,0,11,12,2,5,4,1,1,7,2,0,0,0,0,0
71,LIFR-AS1,1,1,0.03753040857284218,0.0530645323771463,0.03923027486753406,0.5906561243200545,0.054627876902252945,0.059613524776275684,0.03499714255766539,0.0347254296699038,0.05489659095472182,0.07737197370372596,0.054247471302644,0.029042543570528614,0.03438617334386025,0.03337586530031092,0.01709299284226669,0.028767499956265336,0.01880979256528916,0.011437718743789516,0.028748663292980342,0.03645841296678282,0.016448917940022987,0.013691832142738013,0.0270459193581991,0.04047029284512568,0.03244981266608139,0.008363028117326922,0.012390826481224635,0.01161378948247796,0.5,2,1,1,1,0,0,1,0,0,0,0,0,0,0,0,0,0,0,0
72,LINC00667,1,1,0.03176016174683657,0.09449839299635293,0.0559060900988303,0.044241337424325705,0.0426662894113731,0.05990962923069504,0.02627156126131515,0.026434204618869105,0.030810878160415767,0.057280111251626235,0.02942097451533609,0.02644803410504272,0.0332071522852592,0.3257846496428182,0.0,0.0,0.0,0.0,0.0,0.0,0.0,0.0,0.0,0.0,0.0,0.0,0.0,0.0,0.5,1,0,1,0,0,0,0,0,0,0,0,0,0,0,0,0,0,1,0
73,STAT3,0,1,0.6188940960496979,0.4576691484550214,0.5082615374411835,0.631567314977031,0.5347136369694196,0.4575892370684734,0.5176755616883436,0.6906754105195153,0.6958113824496474,0.4811828984366134,0.4505465689561706,0.6765387104305138,0.7136296722152662,0.6506954859705864,0.0,0.0,0.0,0.0,0.0,0.0,0.0,0.0,0.0,0.0,0.0,0.0,0.0,0.0,0.0,1,0,1,0,0,0,1,0,1,0,0,0,0,0,0,0,0,0,0
74,ADAMTS9-AS1,0,0,0.7723416019105315,0.744412811231848,0.8592161142101143,0.9175086561894776,0.8772579496500312,0.8424152186028713,0.6136700796519916,0.3946068134094393,0.8249524067252451,0.8175090255096892,0.8350221939803266,0.8643859207343392,0.9283336939258788,0.8988675604058496,0.0,0.0,0.0,0.0,0.0,0.0,0.0,0.0,0.0,0.0,0.0,0.0,0.0,0.0,,2,0,0,1,0,0,0,0,0,0,0,0,0,0,0,0,0,0,0
75,HOTAIR,371,25,0.16193542932425456,0.2363038349469602,0.4496631888880664,0.3265590440034803,0.4767291346824936,0.3774060068802689,0.23806561199460585,0.5832382377415063,0.08799704408851927,0.28250833521302804,0.26703255322567143,0.3385639353481804,0.07477882489085183,0.2385054601868959,0.0,0.0,0.0,0.0,0.0,0.0,0.0,0.0,0.0,0.0,0.0,0.0,0.0,0.0,0.9368686868686869,132,128,88,54,24,76,78,10,27,23,5,7,9,5,0,2,11,2,41
76,TRIM52-AS1,0,1,0.032997716811509925,0.03198209157827285,0.031028285446440405,0.034319358615288516,0.031465695966952464,0.03325863178654419,0.03159024879341304,0.03255453324288761,0.03371899408746936,0.06711342577230534,0.03177810060149183,0.031605424642173564,0.03308329951159683,0.032339345661445966,0.0,0.0,0.0,0.0,0.0,0.0,0.0,0.0,0.0,0.0,0.0,0.0,0.0,0.0,0.0,1,0,1,0,0,0,1,0,0,0,0,0,0,0,0,0,0,0,0
77,CES1P1,0,1,0.5361293443854779,0.5946418316234041,0.6977257842882885,0.6404641603368347,0.6816216408160141,0.7258141942306828,0.5901935571016302,0.6060235607669915,0.42936137173166217,0.5886334543707116,0.6285079964263645,0.538655504192207,0.5948169836724955,0.4763060671860061,0.0,0.0,0.0,0.0,0.0,0.0,0.0,0.0,0.0,0.0,0.0,0.0,0.0,0.0,0.0,1,0,0,0,0,0,1,0,0,0,0,0,0,0,0,0,0,0,0
78,ITPRIPL1,0,0,0.10585726880645367,0.28156242027908795,0.543979926623271,0.20809490866692784,0.27383260566216905,0.22465204491088372,0.14162629174148336,0.1695093965370068,0.3170303089834189,0.30553109383348365,0.27958798621163844,0.4942145910098664,0.1152679790737466,0.17334701902216804,0.0,0.0,0.0,0.0,0.0,0.0,0.0,0.0,0.0,0.0,0.0,0.0,0.0,0.0,,0,0,0,0,1,0,0,0,0,0,0,0,0,0,0,0,0,0,0
79,LINC00311,1,0,0.90689482426424,0.6763454305053741,0.8849229026220459,0.8524379181804725,0.8411423578350479,0.8626109644322674,0.9268869588350191,0.9218337622673618,0.8866963369614156,0.8197635197819406,0.8501568595296004,0.9104978174704144,0.9271610814669012,0.8537349618599067,0.0,0.0,0.0,0.0,0.0,0.0,0.0,0.0,0.0,0.0,0.0,0.0,0.0,0.0,1.0,1,1,1,0,0,0,0,0,0,0,0,0,0,0,0,0,0,0,0
80,SATB2-AS1,1,2,0.15149051953275536,0.2341087849896341,0.24009403823070818,0.1040300376806043,0.24616309718881127,0.22868374400278313,0.20469621517436395,0.2892303346779823,0.18599184024816978,0.24599626817106107,0.22466621386360072,0.26835897224893845,0.13422841514873768,0.24313825828596639,0.07513486080879984,0.18322822155188306,0.17080654227255854,0.05584265482073826,0.19395957120068172,0.17517082684916838,0.15059474968728995,0.2456010423487296,0.13575395906166873,0.12837133789089172,0.16626982940771146,0.22179289404583497,0.07030772842372492,0.1912268519280878,0.3333333333333333,1,0,0,1,1,3,0,0,1,0,1,0,0,0,0,0,0,0,0
81,HOXA10,0,0,0.5362926285378012,0.7068863238954572,0.9134087541951514,0.3593604004600523,0.6827065413978891,0.8237099988059274,0.5718337108291223,0.625345435750578,0.7471355933138568,,0.8033578007542482,0.4505203585067372,0.5068039713885351,0.5739962837132196,0.0,0.0,0.0,0.0,0.0,0.0,0.0,0.0,0.0,,0.0,0.0,0.0,0.0,,0,0,0,0,0,0,0,0,0,0,0,0,0,0,0,0,0,0,0
82,HCG11,4,6,0.14487829862773258,0.22044765665879268,0.16689365519931196,0.19998873897420408,0.10416586633006394,0.15976615140200384,0.14918466167149888,0.1320609054493714,0.6136045219039771,0.1737791825706461,0.1502409291859253,0.2581525556213575,0.1621512362290603,0.19042262595612772,0.0,0.0,0.0,0.0,0.0,0.0,0.0,0.0,0.0,0.0,0.0,0.0,0.0,0.0,0.4,6,1,2,4,0,2,6,1,1,0,0,0,0,0,0,0,1,0,2
83,SNHG17,8,0,0.03563316912396284,0.029392602191801964,0.027484226276462995,0.032828282743214546,0.026158996807707485,0.030439404468188564,0.027433911878249197,0.03011892019685831,0.0317042005278844,0.0569909499730708,0.02967589661239092,0.029125534410085613,0.03918844089903027,0.02941274608065458,0.0,0.0,0.0,0.0,0.0,0.0,0.0,0.0,0.0,0.0,0.0,0.0,0.0,0.0,1.0,4,2,3,1,0,3,3,0,2,0,0,1,2,0,0,0,0,0,0
84,TUBB2A,1,0,0.04852963946527083,0.04901246513486559,0.043951303170246564,0.0537930664541455,0.045689023813225586,0.05207981148212427,0.044963846644389766,0.04874703339886037,0.05172773126087001,0.08786637997660704,0.049266442080609193,0.045426650230716965,0.05382411656063662,0.051118138527366734,0.0,0.0,0.0,0.0,0.0,0.0,0.0,0.0,0.0,0.0,0.0,0.0,0.0,0.0,1.0,0,0,0,1,0,1,0,0,0,0,0,0,0,0,0,0,0,0,0
85,PRDM16,0,1,0.4568540971622972,0.27528898289316195,0.468246921068525,0.2525861550472581,0.37067274388873694,0.4109080175903059,0.33116148235693355,0.22935988698719065,0.2861621013150211,0.4325469610860924,0.4148588079039155,0.5696345316564477,0.7341516793046365,0.3016589427297624,0.0,0.0,0.0,0.0,0.0,0.0,0.0,0.0,0.0,0.0,0.0,0.0,0.0,0.0,0.0,0,0,0,0,1,0,0,0,0,0,0,0,0,0,0,0,0,0,0
86,FER1L4,3,20,0.049339455812427255,0.6058882668333729,0.09017905819442827,0.23283411356426875,0.18237157992832026,0.05156358691921895,0.06385736663477108,0.07334649792644499,0.0861996227927739,0.13231142707937046,0.0472388219847722,0.07895130588746149,0.04186562266817349,0.05973065528772638,0.0,0.0,0.0,0.0,0.0,0.0,0.0,0.0,0.0,0.0,0.0,0.0,0.0,0.0,0.13043478260869565,14,8,6,1,0,7,5,1,3,1,0,0,0,3,0,0,0,0,1
87,CCND2-AS1,2,0,0.33401532325270367,0.3926350900887181,0.4842867879341259,0.3051205000439603,0.3686218929545303,0.33451876486494586,0.36375252783325035,0.3000703849772385,0.4084256170984759,0.42128200010096395,0.32986769668275,0.5112209915513461,0.2987755908708646,0.4071561458556854,0.3344317075770653,0.2007050824005147,0.1862664386417209,0.3556067621935876,0.27566849634711854,0.3240511838576709,0.2821005558294136,0.3603602667860402,0.1537494016964121,0.22517740226962435,0.3108892428011699,0.20865775328008965,0.3626406259356472,0.24407110893323908,1.0,2,1,1,1,0,0,0,0,0,0,0,0,0,0,0,0,0,0,0
88,SOX9-AS1,1,0,0.22228843311705887,0.31986095079846494,0.2931969515947728,0.3848009304773885,0.3376761290497868,0.3331949913809413,0.28292103650088646,0.37664294921092994,0.27588795394168475,0.3305629433872615,0.33457767526236326,0.4562287125338456,0.38599722440959905,0.3981120289644724,0.13334040503716066,0.24104540315926398,0.2046341522115997,0.3166529397336466,0.27321178790824846,0.2392562889953304,0.2134687106467346,0.31410596957665965,0.21555507859047063,0.22076918396666476,0.24999795116651058,0.28710462294274547,0.30297914785922975,0.33464827129282765,1.0,0,0,0,0,0,1,0,0,0,0,0,0,0,0,0,0,0,0,0
89,CASC11,15,0,0.02724086808427951,0.02557435970014001,0.026352287353192432,0.025195200199383143,0.024092643426271824,0.02441891567325861,0.02632796057934793,0.026774029288218117,0.024649025758306436,0.03293567607844579,0.024424089605625667,0.02631873124808744,0.025904842531626424,0.026239820207263672,0.0,0.0,0.0,0.0,0.0,0.0,0.0,0.0,0.0,0.0,0.0,0.0,0.0,0.0,1.0,8,5,4,2,0,3,3,1,1,0,0,0,0,0,0,0,0,0,0
90,GATA2-AS1,0,1,0.24030485805462515,0.4466392428004757,0.30125731780753856,0.4829257787879612,0.3374719863887765,0.3674543224249408,0.3033921977947862,0.20647666127084172,0.2645232854274742,0.3625608988281525,0.3579582159222379,0.11273216703441875,0.2680446524909291,0.10056457610538316,0.0,0.0,0.0,0.0,0.0,0.0,0.0,0.0,0.0,0.0,0.0,0.0,0.0,0.0,0.0,1,0,0,0,0,0,0,0,0,0,0,0,0,0,0,0,0,0,0
91,NEAT1,152,15,0.8863230349061816,0.8582084720397862,0.904326548826918,0.9277452910288736,0.8880859234250902,0.9101281954376376,0.8415477589896727,0.7540394481699707,0.6559737223280424,0.8027826424472128,0.8669783772648312,0.8334017648472206,0.9280854442358608,0.9288670470437737,0.0,0.0,0.0,0.0,0.0,0.0,0.0,0.0,0.0,0.0,0.0,0.0,0.0,0.0,0.9101796407185628,69,68,44,37,2,35,44,6,12,8,7,3,16,6,0,0,0,0,7
92,SMIM10L2A,0,1,0.11117706430722636,0.06597819969743962,0.5746535560716444,0.19753145888982898,0.07174732782097128,0.05581763791835667,0.056850113396953436,0.041082391455855835,0.2728769462182991,0.0,0.04292816439274502,0.1177157881256198,0.2548847332104642,0.4582975953870784,0.0,0.0,0.0,0.0,0.0,0.0,0.0,0.0,0.0,0.0,0.0,0.0,0.0,0.0,0.0,0,0,0,0,0,0,0,0,0,0,0,0,0,0,0,0,0,0,1
93,MYC,0,1,0.02724086808427951,0.02557435970014001,0.026352287353192432,0.025195200199383143,0.024092643426271824,0.02441891567325861,0.02632796057934793,0.026774029288218117,0.024649025758306436,0.03293567607844579,0.024424089605625667,0.02631873124808744,0.025904842531626424,0.026239820207263672,0.0,0.0,0.0,0.0,0.0,0.0,0.0,0.0,0.0,0.0,0.0,0.0,0.0,0.0,0.0,0,0,0,0,0,1,0,0,0,0,0,0,0,0,0,0,0,0,0
94,CANT1,0,2,0.8815884966534456,0.8890686946248714,0.8848033233138977,0.7449325105381005,0.8415691711321653,0.890025716765808,0.9049125676243268,0.8928069994951578,0.8925068244855167,0.8418718472200333,0.8906498232512696,0.4489316147974707,0.8962453281991192,0.8915245719525354,0.0,0.0,0.0,0.0,0.0,0.0,0.0,0.0,0.0,0.0,0.0,0.0,0.0,0.0,0.0,0,0,0,0,1,1,0,0,0,0,0,0,0,0,0,0,0,0,0
95,NCOR2,0,1,0.7704283063377269,0.772492970291622,0.824794656721223,0.7946266014272836,0.7592488510373958,0.7553041116645964,0.6416395325457863,0.7413317011677135,0.7339648165815607,0.7307429302020754,0.7595819028550114,0.8228542313576996,0.7534627157174655,0.8287045192741218,0.16460343967020535,0.16676345332715675,0.1256262213767701,0.145204181423335,0.16395512786234348,0.18482185846606566,0.21712716735096793,0.20774420813030636,0.2175838739985163,0.13306787926778904,0.1648908410379649,0.08966110512332275,0.22421083256675195,0.09994572952111284,0.0,1,0,1,0,0,0,1,0,0,0,0,0,0,0,0,0,0,0,0
96,LINC00629,0,3,0.18619756774491972,0.10961902930595216,0.4941251036794283,0.1750713525157357,0.10363958225777974,0.10303533908467634,0.14786573333674813,0.10706367537584628,0.3217948537452583,0.2323698648432289,0.09790555117835993,0.06506332903259435,0.2677956842182189,0.4023466665511367,0.0,0.0,0.0,0.0,0.0,0.0,0.0,0.0,0.0,0.0,0.0,0.0,0.0,0.0,0.0,1,3,3,1,0,0,0,0,0,0,0,0,0,0,0,0,0,0,0
97,DLX6-AS1,35,0,0.07699965926565258,0.06388780519967477,0.20179711574320552,0.152029570055096,0.12891451354036798,0.06205462130768771,0.08985932300342264,0.07744253673439337,0.13085503511272326,0.22410531209176032,0.06610517396208429,0.08821780499338935,0.06967772946901445,0.04198355956475866,0.0,0.0,0.0,0.0,0.0,0.0,0.0,0.0,0.0,0.0,0.0,0.0,0.0,0.0,1.0,21,18,17,9,1,10,6,0,4,4,0,1,2,0,0,0,0,0,0
98,EWSAT1,7,0,0.8319016551531774,0.7795453589464365,0.8351611128976897,0.6678040526463059,0.7375153983722438,0.7883647195084259,0.8365671430881594,0.8336999877858814,0.8283212668985871,0.7386319586123421,0.7421827601838862,0.8557661972252563,0.8565522368018501,0.6809390642091917,0.0,0.0,0.0,0.0,0.0,0.0,0.0,0.0,0.0,0.0,0.0,0.0,0.0,0.0,1.0,3,2,1,3,0,3,0,0,0,0,0,0,0,0,0,0,0,0,0
99,HOXA-AS3,4,0,0.3756046510209422,0.6257619930222152,0.5839951435744968,0.45354179698290353,0.568925014446306,0.5989502156275354,0.528884154099716,0.5300881578284822,0.46935715752399954,,0.6147264539570839,0.628559108195175,0.27872847584973826,0.544655530707285,0.18138851537783257,0.33015543179736123,0.18971500369223987,0.278968150044462,0.2682379480629414,0.22553742277844818,0.30658869733138505,0.3205470202127418,0.19114561205241196,,0.20509486510057764,0.33803243566010915,0.13755155899089117,0.19933642325115208,1.0,2,2,2,0,0,0,0,0,0,0,0,0,0,0,0,0,0,0,0
100,HOXB-AS3,3,1,0.20681760465418023,0.21015295949554913,0.2991708479819465,0.20888717187474148,0.26571371932688176,0.39385586332216316,0.2149985816554214,0.21355875592041795,0.2727333236213647,0.42284394725080854,0.38628748598424034,0.3875785200983324,0.21916624289475478,0.17113565028640826,0.24849206621245284,0.27979667327628105,0.23157672258621725,0.22465888731912417,0.25681302112832044,0.19262889441623532,0.28566159351313253,0.28540974923749973,0.22938230066214213,0.13027444958913043,0.1624353620744041,0.221889667349289,0.264283738038359,0.18490178333074936,0.75,3,0,0,1,0,0,2,1,2,0,0,1,1,0,0,1,0,0,0
101,A1BG-AS1,0,1,0.40559188149933584,0.500569320918147,0.8257437065622879,0.7386565907087845,0.740589158649809,0.7754722847731199,0.47675051588646533,0.44250081612187137,0.38240998032439205,0.6892760212709423,0.7771221188194442,0.33167372156790903,0.4692734799859827,0.4560966032441661,0.05211182983816154,0.02678655086146986,0.024171606789966105,0.01864857952252541,0.016730888120699394,0.019757289243982734,0.07049993221357695,0.04194163649074395,0.036751301757459776,0.003965948907201533,0.017030827536534454,0.06743678368195138,0.04592926009756523,0.04249264498754943,0.0,1,1,1,0,0,0,0,0,0,0,0,0,0,0,0,0,0,0,0
102,SND1,0,1,0.11457439486500925,0.34584667176378525,0.24483564731977964,0.36351361549984174,0.2674718544647676,0.20025372762240634,0.14532695444240434,0.1629660755066153,0.62725204506105,0.1996369174659157,0.13330427314187204,0.32165690630399296,0.16615512576580346,0.1353696439219111,0.0,0.0,0.0,0.0,0.0,0.0,0.0,0.0,0.0,0.0,0.0,0.0,0.0,0.0,0.0,0,0,0,0,0,0,1,0,1,0,0,0,0,0,0,0,0,0,0
103,GMDS-DT,0,1,0.9243157620142508,0.8811955992805586,0.906440769676742,0.9511282679401952,0.910435525181407,0.7709088255539418,0.9499418370818208,0.9473191888351604,0.9000253046889862,0.8899386805155475,0.8732099357340757,0.942724297020242,0.9531690381721069,0.8964616251362252,0.0,0.0,0.0,0.0,0.0,0.0,0.0,0.0,0.0,0.0,0.0,0.0,0.0,0.0,0.0,0,0,0,0,0,1,0,0,0,0,0,0,0,0,0,0,0,0,0
104,PAXIP1-AS1,1,0,0.6451411345680578,0.458426559427509,0.4890879533458339,0.3558506120210124,0.5314254435356116,0.6959507411919602,0.5150790895412942,0.4523986565554596,0.4428394201803002,0.5096837444111891,0.5297009325030647,0.5717560120481195,0.7429292035664546,0.3478640739506829,0.0,0.0,0.0,0.0,0.0,0.0,0.0,0.0,0.0,0.0,0.0,0.0,0.0,0.0,1.0,0,1,1,1,0,0,0,0,0,0,0,0,0,0,0,0,0,1,0
105,ZMAT1,0,2,0.9163320167543244,0.8597870188161952,0.8833149521182303,0.9016585554787602,0.8644560612315352,0.877682893649535,0.9218341385639234,0.9184393606354316,0.8758168949224302,0.8369186638018818,0.8636563719832449,0.9232710734127,0.9102591231696542,0.8681002887432862,0.0,0.0,0.0,0.0,0.0,0.0,0.0,0.0,0.0,0.0,0.0,0.0,0.0,0.0,0.0,0,1,0,0,0,1,0,0,0,0,0,0,0,0,0,0,0,0,0
106,FOXCUT,6,0,0.7913849481351042,0.7667597935262229,0.8200912272586581,0.687846447218031,0.7419165096430204,0.8246680982990037,0.9152840822278852,0.8917711959953534,0.8316854156966701,0.6819590962768288,0.7776865135536742,0.3460140882517311,0.8943356746072831,0.7045291187095042,0.0,0.0,0.0,0.0,0.0,0.0,0.0,0.0,0.0,0.0,0.0,0.0,0.0,0.0,1.0,5,3,4,0,0,2,1,0,0,0,0,0,0,0,0,0,0,0,1
107,DRAIC,1,3,0.6700270401118681,0.5044491861895429,0.8707169140941533,0.40879249442786014,0.5127233198094595,0.6239555007906029,0.7769427370590677,0.8754136872799345,0.7540680018686441,0.7240073851067071,0.6263905210033966,0.8247769821015449,0.7296511603966035,0.3134975386131378,0.0,0.0,0.0,0.0,0.0,0.0,0.0,0.0,0.0,0.0,0.0,0.0,0.0,0.0,0.25,0,1,1,2,0,0,0,0,0,0,1,0,1,1,0,0,0,0,0
108,SNHG15,24,3,0.1117774423321157,0.03556002486048718,0.03856911807570821,0.0352915884345426,0.03374801699093019,0.0409630249215011,0.07102199011246488,0.2545668283490011,0.2836716999984771,0.08337443883966508,0.048012231287792057,0.043406594882193415,0.31464607625026153,0.0446222104313067,0.09832371812585555,0.02091675691048195,0.02492662820413672,0.02025223086904292,0.018655482435497257,0.02486689496426975,0.058398066134773885,0.2396501655326653,0.2587174591727589,0.06559646944733351,0.031781328935254906,0.028793568415365005,0.2984839379508299,0.02967548342557188,0.8888888888888888,14,12,11,3,0,6,4,1,1,0,1,0,4,2,0,0,1,1,2
109,SMAD5-AS1,3,0,0.5168357070258737,0.5966051469568213,0.670964508365943,0.6702344032850088,0.5798079084724947,0.6224732899612492,0.5656936055078845,0.70508232481852,0.4384956087151267,0.6808270581968361,0.5878778179477191,0.5974949970031589,0.7705817526011951,0.6833164081575855,0.0,0.0,0.0,0.0,0.0,0.0,0.0,0.0,0.0,0.0,0.0,0.0,0.0,0.0,1.0,1,1,1,1,0,0,1,0,0,1,0,0,0,0,0,0,0,0,0
110,DHRS4-AS1,0,1,0.06942400514648057,0.06976482509121093,0.11550118184568275,0.04700021062434543,0.046724146077147005,0.0813943893936881,0.04416803030407848,0.049718578526959975,0.05326174383837787,0.09836979959511084,0.06965570184341288,0.2933584862430639,0.0646342021956918,0.058008336752450436,0.0,0.0,0.0,0.0,0.0,0.0,0.0,0.0,0.0,0.0,0.0,0.0,0.0,0.0,0.0,1,1,0,0,0,1,1,0,1,0,0,1,0,0,0,0,0,0,0
111,RAP2C-AS1,0,0,0.19031178962348144,0.11988086156694808,0.31758133125128546,0.17202920195768331,0.10093804083159877,0.1161814669052424,0.137555637402088,0.1210005776983844,0.11631760508039593,0.1881345559666756,0.10918756969586914,0.0782375686175079,0.24607523510542545,0.4451885002237213,0.0,0.0,0.0,0.0,0.0,0.0,0.0,0.0,0.0,0.0,0.0,0.0,0.0,0.0,,0,0,0,0,0,0,0,0,0,0,0,0,0,0,0,0,0,0,0
112,GADD45G,0,2,0.05349503526409993,0.044413910082907265,0.0488567853606526,0.04597180957439251,0.051837237091130944,0.08572004123280985,0.04247694857202889,0.04366369510581955,0.048182376491441525,0.08888285379470316,0.05086620339727335,0.04798266890436213,0.04871916474920021,0.04532745132183287,0.0005432417495959962,0.002816122893064297,0.0009290944621022507,0.0018368330405489422,0.0037556292684529195,0.004911035084480354,0.002023650693076577,0.0023040247022618303,0.0015219289876846724,0.0015395200991547148,0.0005383497024202405,0.0003505305172330289,0.0009312674353247861,0.001202321931295068,0.0,0,0,0,0,0,0,0,0,0,0,0,0,0,0,0,0,0,0,0
113,HOTTIP,58,7,0.20430396121226524,0.15572281098435103,0.332621658495658,0.12041677478027772,0.23785266288806528,0.3215007332371294,0.21446950250691624,0.24786758505573414,0.25768763252785043,0.32415497316556846,0.3108680079375363,0.06765136008907562,0.21133479418874254,0.24183795484671333,0.14180759817588426,0.11821254747836786,0.22801231994388432,0.06537871526203601,0.18887133770449166,0.26297625938660263,0.1608051860023192,0.1949758679095838,0.1250165705466387,0.1739510193055809,0.2597872925761331,0.026222348091071133,0.16582661290507011,0.2065908164390499,0.8923076923076924,36,19,20,7,2,13,15,1,6,6,4,2,7,2,0,0,0,0,4
114,FAM87A,0,0,0.8570064077823051,0.7659470897631147,0.7871585782580559,0.8417151541562308,0.7834727978104189,0.7441050812901465,0.8636685591100074,0.8618780653056788,0.7926234819356914,0.8090442926277416,0.6585334253780246,0.8452343944870186,0.8655481825908514,0.7484379252753535,0.0,0.0,0.0,0.0,0.0,0.0,0.0,0.0,0.0,0.0,0.0,0.0,0.0,0.0,,0,0,0,0,0,0,0,0,0,0,0,0,0,0,0,0,0,0,0
115,ZFHX4-AS1,1,0,0.7665153399769057,0.5019664470901138,0.7743518403015578,0.4733849071769695,0.6118042274598552,0.6572304160951427,0.7255236527379711,0.7422797519079298,0.8067649906802847,0.6305778447385216,0.6953700706045534,0.8356891115488028,0.8142705339915901,0.6198193281842829,0.0,0.0,0.0,0.0,0.0,0.0,0.0,0.0,0.0,0.0,0.0,0.0,0.0,0.0,1.0,1,1,1,1,0,0,1,0,1,0,0,0,0,0,0,0,0,0,0
116,ID2-AS1,0,1,0.033501756121322834,0.032957554740537985,0.03202489203002705,0.03548531996218116,0.03113331405472417,0.033925549908406065,0.030370846267574293,0.033519025351440614,0.03494723211182274,0.07069969550401367,0.03268317473182443,0.03266908477131155,0.03394084371222267,0.033048157815882065,0.0,0.0,0.0,0.0,0.0,0.0,0.0,0.0,0.0,0.0,0.0,0.0,0.0,0.0,0.0,0,1,1,0,0,1,0,0,0,0,0,0,0,0,0,0,0,0,0
117,SOX2,2,0,0.031184341370183687,0.03070835178321519,0.03523996285196241,0.05030296131487644,0.030586202908412418,0.028688438360008138,0.031639797244943216,0.028658795928749207,0.034957983001775536,0.05268639570451174,0.026919946901772542,0.029297646885509093,0.04011831424696317,0.032408113776786686,0.0,0.0,0.0,0.0,0.0,0.0,0.0,0.0,0.0,0.0,0.0,0.0,0.0,0.0,1.0,1,2,0,2,0,0,1,0,0,1,0,0,0,0,0,0,0,0,0
118,SOX2-OT,7,0,0.08124299265071006,0.17252835201328603,0.10768466180377437,0.1901079609835026,0.2707550590892545,0.29980123233548134,0.05950738720956974,0.07277684732807758,0.09299737512713044,0.27577696885720565,0.3008600229112818,0.34573207312028026,0.05626305838722047,0.060949906253124825,0.05005865128052636,0.14182000023007085,0.07244469895181196,0.13980499966862617,0.2401688561808421,0.2711127939754732,0.027867589964626523,0.044118051399328374,0.05803939212535491,0.22309057315269393,0.27394007600950926,0.31643442623477114,0.016144744140257305,0.028541792476338142,1.0,3,2,2,0,0,3,2,0,1,0,0,0,2,0,0,0,0,0,0
119,PAX8-AS1,1,0,0.5062475358613405,0.5907981242455614,0.6792168243040515,0.6733916431314074,0.5911445886228484,0.606982780229244,0.4742007261097274,0.47418968943906575,0.7039114128007804,0.6140566877151195,0.5985000466069808,0.6594754560875628,0.48351456171315127,0.49105311827757514,0.3407359900133899,0.11482698576858538,0.15828719816552872,0.07226875909430364,0.042207496901229546,0.09879959848383774,0.40624482785790905,0.43326542201090107,0.09337068762731698,0.12906390606739931,0.07864942844655076,0.12437014660870016,0.43632030960099943,0.4271668774642381,1.0,0,0,0,0,0,0,0,0,0,0,0,0,0,0,0,0,0,0,0
